-- phpMyAdmin SQL Dump
-- version 5.2.2
-- https://www.phpmyadmin.net/
--
-- Host: localhost:3306
-- Generation Time: Sep 25, 2025 at 08:29 AM
-- Server version: 11.4.8-MariaDB-cll-lve
-- PHP Version: 8.4.11

SET SQL_MODE = "NO_AUTO_VALUE_ON_ZERO";
START TRANSACTION;
SET time_zone = "+00:00";


/*!40101 SET @OLD_CHARACTER_SET_CLIENT=@@CHARACTER_SET_CLIENT */;
/*!40101 SET @OLD_CHARACTER_SET_RESULTS=@@CHARACTER_SET_RESULTS */;
/*!40101 SET @OLD_COLLATION_CONNECTION=@@COLLATION_CONNECTION */;
/*!40101 SET NAMES utf8mb4 */;

--
-- Database: `codk3565_skripsi_spk_mlph`
--

-- --------------------------------------------------------

--
-- Table structure for table `tb_classification`
--

CREATE TABLE `tb_classification` (
  `id_classification` int(11) NOT NULL,
  `nama` varchar(50) DEFAULT NULL,
  `deskripsi` text DEFAULT NULL,
  `created_at` timestamp NOT NULL DEFAULT current_timestamp(),
  `updated_at` timestamp NOT NULL DEFAULT current_timestamp() ON UPDATE current_timestamp()
) ENGINE=InnoDB DEFAULT CHARSET=latin1 COLLATE=latin1_swedish_ci;

--
-- Dumping data for table `tb_classification`
--

INSERT INTO `tb_classification` (`id_classification`, `nama`, `deskripsi`, `created_at`, `updated_at`) VALUES
(1, 'Hipertensi Stadium 1', 'Rendah Natrium, Tinggi Kalium', '2025-08-04 10:03:56', '2025-08-04 10:03:56'),
(2, 'Hipertensi Stadium 2', 'Tinggi Kalium, Rendah Natrium', '2025-08-04 10:04:13', '2025-08-04 10:04:13'),
(3, 'Hipertensi Stadium 3', 'Rendah Natrium ekstrim, Tinggi Serat\r\n', '2025-08-04 10:04:26', '2025-08-04 10:04:26'),
(4, 'Normal/Kontrol', 'Rendah Lemak Jenuh, Tekstur Lembut\r\n', '2025-08-04 10:04:48', '2025-08-04 10:04:48'),
(5, 'Pra-Hipertensi', 'Rendah Natrium, Omega-3\r\n', '2025-08-04 10:05:05', '2025-08-04 10:05:05');

-- --------------------------------------------------------

--
-- Table structure for table `tb_classification_food`
--

CREATE TABLE `tb_classification_food` (
  `id_classification_food` int(11) NOT NULL,
  `id_classification` int(11) NOT NULL,
  `name` varchar(100) NOT NULL,
  `weight` int(11) NOT NULL,
  `urt` text NOT NULL,
  `kalori` double NOT NULL,
  `protein` double NOT NULL,
  `lemak` double NOT NULL,
  `karbohidrat` double NOT NULL,
  `serat` double NOT NULL,
  `natrium` double NOT NULL,
  `kalium` double NOT NULL,
  `created_at` timestamp NOT NULL DEFAULT current_timestamp(),
  `updated_at` timestamp NOT NULL DEFAULT current_timestamp() ON UPDATE current_timestamp()
) ENGINE=InnoDB DEFAULT CHARSET=latin1 COLLATE=latin1_swedish_ci;

--
-- Dumping data for table `tb_classification_food`
--

INSERT INTO `tb_classification_food` (`id_classification_food`, `id_classification`, `name`, `weight`, `urt`, `kalori`, `protein`, `lemak`, `karbohidrat`, `serat`, `natrium`, `kalium`, `created_at`, `updated_at`) VALUES
(1, 4, 'Nasi Putih Lembek', 150, '1 Mangkok Kecil', 195, 4.1, 0.5, 44.5, 0.6, 2, 55, '2025-08-13 14:29:15', '2025-08-13 14:29:15'),
(2, 4, 'Dada Ayam Rebus', 80, '1 Potong Sedang', 132, 25, 2, 0, 0, 45, 256, '2025-08-13 14:30:56', '2025-08-13 14:30:56'),
(3, 4, 'Tahu Sutra', 100, '1 Kotak Kecil', 55, 6, 2, 1, 0, 8, 120, '2025-08-13 14:32:19', '2025-08-13 14:32:19'),
(4, 4, 'Wortel Rebus', 75, '1/2 Gelas', 27, 0, 0, 6, 2, 52, 180, '2025-08-13 14:36:59', '2025-08-13 14:36:59'),
(5, 4, 'Labu Kuning Rebus', 100, '3/4 Gelas', 26, 1, 0, 6, 1, 1, 340, '2025-08-13 14:39:09', '2025-08-13 14:39:09'),
(6, 4, 'Pisang Ambon', 50, '1/2 Buah', 45, 0, 0, 11, 1, 1, 179, '2025-08-13 14:41:09', '2025-08-13 14:41:09'),
(7, 4, 'Susu Rendah Lemak', 120, '1 Gelas Kecil', 60, 6, 2, 6, 0, 80, 240, '2025-08-13 14:42:30', '2025-08-13 14:42:30'),
(8, 4, 'Havermut Instan', 30, '3 sdm', 110, 4, 2, 19, 3, 2, 110, '2025-08-13 14:43:52', '2025-08-13 14:43:52'),
(9, 4, 'Ikan Nila Kukus', 90, '1 Potong', 97, 20, 1, 0, 0, 45, 342, '2025-08-13 15:09:43', '2025-08-13 15:09:43'),
(10, 4, 'Alpukat', 30, '2 sdm', 48, 0, 4, 2, 2, 1, 146, '2025-08-13 15:25:37', '2025-08-13 15:25:37'),
(11, 4, 'Bayam Rebus', 50, '1/2 Gelas', 12, 1, 0, 2, 1, 25, 279, '2025-08-13 15:27:01', '2025-08-13 15:27:01'),
(12, 4, 'Telur Rebus (Putih saja)', 50, '1 Butir', 17, 3, 0, 0, 0, 55, 54, '2025-08-13 15:28:45', '2025-08-13 15:28:45'),
(13, 4, 'Kentang Rebus', 100, '1 Buah Kecil', 87, 1, 0, 20, 2, 5, 429, '2025-08-13 15:30:29', '2025-08-13 15:30:29'),
(14, 4, 'Brokoli Rebus', 60, '1/2 Buah', 21, 2, 0, 4, 2, 15, 190, '2025-08-13 15:31:56', '2025-08-13 15:31:56'),
(15, 4, 'Pepaya Matang', 100, '1 Potong Sedang', 43, 0, 0, 11, 1, 3, 182, '2025-08-13 15:32:57', '2025-08-13 15:32:57'),
(16, 5, 'Beras', 150, '2,5 Gelas Nasi', 195, 4.1, 0.5, 44.5, 0.6, 2, 55, '2025-08-13 15:34:10', '2025-08-13 15:34:10'),
(17, 5, 'Daging Sapi Tanpa Lemak', 50, '1 Potong Sedang', 105, 22, 2, 0, 0, 55, 350, '2025-08-13 15:35:37', '2025-08-13 15:35:37'),
(18, 5, 'Ikan', 150, '1 Ekor', 180, 19, 11, 0, 0, 90, 380, '2025-08-13 15:36:43', '2025-08-13 15:36:43'),
(19, 5, 'Telur', 60, '1 Butir', 90, 6, 6, 0, 0, 70, 60, '2025-08-13 15:37:46', '2025-08-13 15:37:46'),
(20, 5, 'Semua Sayuran Segar', 400, '4 Gls', 120, 6, 0, 24, 10, 80, 1200, '2025-08-13 15:39:44', '2025-08-13 15:39:44'),
(21, 5, 'Semua Buah Segar', 400, '2 Buah', 240, 2, 0, 60, 12, 20, 1000, '2025-08-13 15:41:14', '2025-08-13 15:41:14'),
(22, 5, 'Minyak', 20, '2 sdm', 180, 0, 20, 0, 0, 0, 0, '2025-08-13 15:45:13', '2025-08-13 15:45:13'),
(23, 5, 'Gula Pasir', 20, '1,5 sdm', 80, 0, 0, 20, 0, 0, 0, '2025-08-13 15:46:16', '2025-08-13 15:46:16'),
(24, 5, 'Kacang Hijau', 25, '2 sdm', 90, 6, 0, 15, 4, 5, 300, '2025-08-13 15:49:57', '2025-08-13 15:49:57'),
(25, 5, 'Oat/Sereal', 50, '3 sdm', 190, 7, 3, 32, 5, 2, 180, '2025-08-13 15:51:08', '2025-08-13 15:51:08'),
(26, 5, 'Susu Rendah Lemak', 400, '2 Gelas', 200, 16, 8, 24, 0, 20, 800, '2025-08-13 15:52:19', '2025-08-13 15:52:19'),
(27, 5, 'Tahu/Tempe', 100, '2 ptg sdg', 80, 8, 4, 2, 0, 10, 150, '2025-08-13 15:53:47', '2025-08-13 15:53:47'),
(28, 5, 'Biji Chia', 15, '1 sdm', 70, 3, 4, 5, 5, 0, 100, '2025-08-13 15:55:27', '2025-08-13 15:55:27'),
(29, 5, 'Yogurt Yunani', 120, '1/2 Cup', 100, 10, 5, 6, 0, 50, 150, '2025-08-13 16:01:16', '2025-08-13 16:01:16'),
(30, 5, 'Teh Hijau', 240, '1 Cangkir', 2, 0, 0, 0, 0, 5, 30, '2025-08-13 16:02:12', '2025-08-13 16:02:12'),
(31, 1, 'Kentang Panggang', 150, '1 Buah Sedang', 135, 3, 0, 31, 3, 10, 800, '2025-08-13 16:33:59', '2025-08-13 16:33:59'),
(32, 1, 'Bayam Rebus', 80, '1/2 Gelas', 23, 2, 0, 3, 2, 65, 558, '2025-08-13 16:39:16', '2025-08-13 16:39:16'),
(33, 1, 'Alpukat', 50, '1/4 buah', 80, 1, 7, 4, 3, 5, 250, '2025-08-13 16:40:30', '2025-08-13 16:40:30'),
(34, 1, 'Pisang Ambon', 100, '1 Buah Kecil', 89, 1, 0, 22, 2, 1, 358, '2025-08-13 16:42:59', '2025-08-13 16:42:59'),
(35, 1, 'Yogurt Plain Rendah Lemak', 170, '3/4 Cup', 100, 17, 2, 7, 0, 170, 380, '2025-08-13 16:45:09', '2025-08-13 16:45:09'),
(36, 1, 'Ikan Salmon Kukus', 100, '1 Potong', 208, 20, 13, 0, 0, 50, 363, '2025-08-13 16:46:56', '2025-08-13 16:46:56'),
(37, 1, 'Labu Kuning Rebus', 120, '3/4 Gelas', 31, 1, 0, 7, 1, 1, 408, '2025-08-13 16:48:14', '2025-08-13 16:48:14'),
(38, 1, 'Jamur Kukus', 70, '5-6 Buah', 20, 1, 0, 4, 1, 5, 304, '2025-08-13 16:49:43', '2025-08-13 16:49:43'),
(39, 1, 'Kacang Merah Rebus', 60, '1/4 Gelas', 73, 4, 0, 13, 4, 2, 403, '2025-08-13 16:51:23', '2025-08-13 16:51:23'),
(40, 1, 'Pepaya', 140, '1 Potong', 60, 0, 0, 15, 2, 4, 255, '2025-08-13 16:53:32', '2025-08-13 16:53:32'),
(41, 1, 'Tomat Panggang', 100, '1/2 Gelas', 18, 0, 0, 4, 1, 10, 237, '2025-08-13 16:54:47', '2025-08-13 16:54:47'),
(42, 1, 'Edamame Rebus', 80, '1/2 Gelas', 96, 8, 4, 7, 4, 6, 436, '2025-08-13 16:56:10', '2025-08-13 16:56:10'),
(43, 1, 'Bit Merah Rebus', 70, '1/2 Gelas', 35, 1, 0, 7, 2, 65, 325, '2025-08-13 16:57:37', '2025-08-13 16:57:37'),
(44, 1, 'Air Kelapa Muda', 240, '1 Gelas', 45, 1, 0, 9, 2, 25, 600, '2025-08-13 16:59:01', '2025-08-13 16:59:01'),
(45, 1, 'Seledri', 50, '1 Tangkai', 8, 0, 0, 1, 0, 35, 260, '2025-08-13 17:00:06', '2025-08-13 17:00:06'),
(46, 2, 'Havermut Utuh', 40, '5 sdm', 150, 5, 2, 27, 4, 2, 150, '2025-08-15 06:00:28', '2025-08-15 06:00:28'),
(47, 2, 'Alpukat', 50, '1/4 buah', 80, 1, 7, 4, 3, 5, 250, '2025-08-15 06:01:29', '2025-08-15 06:01:29'),
(48, 2, 'Kacang Merah Rebus', 60, '1/4 Gelas', 73, 4, 0, 13, 4, 2, 403, '2025-08-15 06:02:50', '2025-08-15 06:02:50'),
(49, 2, 'Brokoli Kukus', 80, '3/4 Gelas', 28, 2, 0, 5, 2, 20, 253, '2025-08-15 06:03:51', '2025-08-15 06:03:51'),
(50, 3, 'Bubur Havermut Halus', 30, '3 sdm', 110, 4, 2, 19, 3, 2, 110, '2025-08-15 06:05:10', '2025-08-15 06:05:10'),
(51, 3, 'Labu Kuning Tumbuk', 100, '1/2 Gelas', 26, 1, 0, 6, 1, 1, 340, '2025-08-15 06:06:26', '2025-08-15 06:06:26'),
(52, 2, 'Pir Dengan Kulit', 100, '1/2 Buah', 57, 0, 0, 15, 3, 1, 119, '2025-08-18 16:13:48', '2025-08-18 16:13:48'),
(53, 2, 'Qouinoa', 45, '1/4 Gelas', 160, 6, 2, 27, 3, 10, 180, '2025-08-18 16:15:29', '2025-08-18 16:15:29'),
(54, 2, 'Biji Chia', 15, '1 sdm', 70, 3, 4, 5, 5, 0, 100, '2025-08-18 16:16:55', '2025-08-18 16:16:55'),
(55, 2, 'Edamame Rebus', 80, '1/2 Gelas', 96, 8, 4, 7, 4, 6, 436, '2025-08-18 16:20:34', '2025-08-18 16:20:34'),
(56, 2, 'Ubi Jalar Panggang', 100, '1/2 Buah', 90, 2, 0, 21, 3, 40, 475, '2025-08-18 16:23:37', '2025-08-18 16:23:37'),
(57, 2, 'Oat Bran', 30, '3 sdm', 90, 5, 2, 16, 6, 2, 150, '2025-08-18 16:24:51', '2025-08-18 16:24:51'),
(59, 3, 'Kentang Rebus Lembek', 100, '1/2 Buah', 87, 1, 0, 20, 2, 5, 429, '2025-08-18 16:28:03', '2025-08-18 16:28:03'),
(60, 3, 'Tahhu Sutra Halus', 100, '1/2 Kotak', 55, 6, 2, 1, 0, 8, 120, '2025-08-18 16:29:31', '2025-08-18 16:29:31'),
(61, 3, 'Dada Ayam Tumbuk', 60, '2 sdm', 99, 18, 2, 0, 0, 36, 192, '2025-08-18 16:30:34', '2025-08-18 16:30:34');

-- --------------------------------------------------------

--
-- Table structure for table `tb_consultation`
--

CREATE TABLE `tb_consultation` (
  `id_consultation` int(11) NOT NULL,
  `id_users` int(11) NOT NULL,
  `consultation` text DEFAULT NULL,
  `created_at` timestamp NOT NULL DEFAULT current_timestamp(),
  `updated_at` timestamp NOT NULL DEFAULT current_timestamp() ON UPDATE current_timestamp()
) ENGINE=InnoDB DEFAULT CHARSET=latin1 COLLATE=latin1_swedish_ci;

--
-- Dumping data for table `tb_consultation`
--

INSERT INTO `tb_consultation` (`id_consultation`, `id_users`, `consultation`, `created_at`, `updated_at`) VALUES
(6, 59075213, '{\"6\":\"4\",\"5\":\"4\",\"4\":\"2\",\"3\":\"8\",\"2\":\"2\",\"1\":\"3\"}', '2025-08-09 14:52:11', '2025-08-09 14:52:11'),
(7, 59075213, '{\"6\":\"4\",\"5\":\"3\",\"4\":\"1\",\"3\":\"9\",\"2\":\"2\",\"1\":\"3\"}', '2025-08-09 15:03:04', '2025-08-09 15:03:04'),
(8, 42075639, '{\"6\":\"4\",\"5\":\"2\",\"4\":\"2\",\"3\":\"7\",\"2\":\"2\",\"1\":\"1\"}', '2025-08-11 09:13:00', '2025-08-11 09:13:00'),
(9, 1, '{\"6\":\"4\",\"5\":\"4\",\"4\":\"1\",\"3\":\"9\",\"2\":\"1\",\"1\":\"3\"}', '2025-08-13 15:09:45', '2025-08-13 15:09:45'),
(10, 1, '{\"6\":\"3\",\"5\":\"2\",\"4\":\"2\",\"3\":\"9\",\"2\":\"1\",\"1\":\"3\"}', '2025-08-13 15:10:03', '2025-08-13 15:10:03'),
(11, 1, '{\"6\":\"3\",\"5\":\"2\",\"4\":\"2\",\"3\":\"8\",\"2\":\"1\",\"1\":\"3\"}', '2025-08-13 15:10:39', '2025-08-13 15:10:39'),
(12, 1, '{\"6\":\"3\",\"5\":\"2\",\"4\":\"2\",\"3\":\"8\",\"2\":\"1\",\"1\":\"2\"}', '2025-08-13 15:10:59', '2025-08-13 15:10:59'),
(13, 59075213, '{\"6\":\"4\",\"5\":\"3\",\"4\":\"2\",\"3\":\"7\",\"2\":\"1\",\"1\":\"3\"}', '2025-08-13 15:21:04', '2025-08-13 15:21:04'),
(14, 1, '{\"6\":\"4\",\"5\":\"3\",\"4\":\"1\",\"3\":\"9\",\"2\":\"2\",\"1\":\"2\"}', '2025-08-13 15:50:53', '2025-08-13 15:50:53'),
(15, 1, '{\"6\":\"4\",\"5\":\"2\",\"4\":\"2\",\"3\":\"8\",\"2\":\"2\",\"1\":\"1\"}', '2025-08-13 15:51:26', '2025-08-13 15:51:26'),
(16, 1, '{\"6\":\"4\",\"5\":\"2\",\"4\":\"2\",\"3\":\"8\",\"2\":\"2\",\"1\":\"2\"}', '2025-08-13 15:52:14', '2025-08-13 15:52:14'),
(17, 1, '{\"6\":\"3\",\"5\":\"2\",\"4\":\"2\",\"3\":\"8\",\"2\":\"2\",\"1\":\"2\"}', '2025-08-13 15:52:33', '2025-08-13 15:52:33'),
(18, 42075639, '{\"6\":\"1\",\"5\":\"3\",\"4\":\"1\",\"3\":\"8\",\"2\":\"2\",\"1\":\"2\"}', '2025-08-13 16:03:16', '2025-08-13 16:03:16'),
(19, 42075639, '{\"6\":\"2\",\"5\":\"2\",\"4\":\"2\",\"3\":\"9\",\"2\":\"2\",\"1\":\"2\"}', '2025-08-13 16:04:25', '2025-08-13 16:04:25'),
(20, 1, '{\"6\":\"4\",\"5\":\"4\",\"4\":\"2\",\"3\":\"8\",\"2\":\"2\",\"1\":\"2\"}', '2025-08-14 16:16:45', '2025-08-14 16:16:45'),
(21, 42075639, '{\"6\":\"2\",\"5\":\"3\",\"4\":\"2\",\"3\":\"8\",\"2\":\"2\",\"1\":\"1\"}', '2025-08-21 00:06:51', '2025-08-21 00:06:51'),
(22, 42075639, '{\"6\":\"2\",\"5\":\"3\",\"4\":\"2\",\"3\":\"8\",\"2\":\"2\",\"1\":\"1\"}', '2025-08-21 00:09:55', '2025-08-21 00:09:55'),
(23, 42075639, '{\"6\":\"3\",\"5\":\"3\",\"4\":\"2\",\"3\":\"8\",\"2\":\"2\",\"1\":\"1\"}', '2025-08-21 00:10:28', '2025-08-21 00:10:28'),
(24, 42075639, '{\"6\":\"1\",\"5\":\"2\",\"4\":\"1\",\"3\":\"8\",\"2\":\"2\",\"1\":\"1\"}', '2025-08-22 04:08:02', '2025-08-22 04:08:02'),
(25, 42075639, '{\"6\":\"2\",\"5\":\"3\",\"4\":\"2\",\"3\":\"9\",\"2\":\"2\",\"1\":\"3\"}', '2025-08-22 04:08:35', '2025-08-22 04:08:35'),
(26, 1, '{\"6\":\"1\",\"5\":\"3\",\"4\":\"2\",\"3\":\"9\",\"2\":\"2\",\"1\":\"1\"}', '2025-08-22 05:41:25', '2025-08-22 05:41:25'),
(27, 42075639, '{\"6\":\"3\",\"5\":\"2\",\"4\":\"2\",\"3\":\"8\",\"2\":\"2\",\"1\":\"2\"}', '2025-08-23 08:21:45', '2025-08-23 08:21:45'),
(28, 42075639, '{\"6\":\"1\",\"5\":\"1\",\"4\":\"2\",\"3\":\"9\",\"2\":\"2\",\"1\":\"1\"}', '2025-08-23 17:56:20', '2025-08-23 17:56:20'),
(29, 42075639, '{\"6\":\"1\",\"5\":\"1\",\"4\":\"2\",\"3\":\"9\",\"2\":\"2\",\"1\":\"2\"}', '2025-08-23 17:57:32', '2025-08-23 17:57:32'),
(30, 42075639, '{\"6\":\"1\",\"5\":\"1\",\"4\":\"2\",\"3\":\"9\",\"2\":\"2\",\"1\":\"3\"}', '2025-08-23 17:57:54', '2025-08-23 17:57:54'),
(31, 42075639, '{\"6\":\"1\",\"5\":\"1\",\"4\":\"2\",\"3\":\"9\",\"2\":\"1\",\"1\":\"1\"}', '2025-08-23 18:01:10', '2025-08-23 18:01:10'),
(32, 42075639, '{\"6\":\"1\",\"5\":\"1\",\"4\":\"2\",\"3\":\"9\",\"2\":\"1\",\"1\":\"2\"}', '2025-08-23 18:01:50', '2025-08-23 18:01:50'),
(33, 42075639, '{\"6\":\"1\",\"5\":\"1\",\"4\":\"2\",\"3\":\"9\",\"2\":\"1\",\"1\":\"3\"}', '2025-08-23 18:02:21', '2025-08-23 18:02:21'),
(34, 42075639, '{\"6\":\"1\",\"5\":\"1\",\"4\":\"2\",\"3\":\"8\",\"2\":\"2\",\"1\":\"1\"}', '2025-08-23 18:06:37', '2025-08-23 18:06:37'),
(35, 42075639, '{\"6\":\"1\",\"5\":\"1\",\"4\":\"2\",\"3\":\"8\",\"2\":\"2\",\"1\":\"3\"}', '2025-08-23 18:10:11', '2025-08-23 18:10:11'),
(36, 42075639, '{\"6\":\"1\",\"5\":\"1\",\"4\":\"2\",\"3\":\"8\",\"2\":\"1\",\"1\":\"1\"}', '2025-08-23 19:44:04', '2025-08-23 19:44:04'),
(37, 42075639, '{\"6\":\"1\",\"5\":\"1\",\"4\":\"2\",\"3\":\"8\",\"2\":\"1\",\"1\":\"2\"}', '2025-08-23 19:45:01', '2025-08-23 19:45:01'),
(38, 42075639, '{\"6\":\"1\",\"5\":\"1\",\"4\":\"2\",\"3\":\"8\",\"2\":\"1\",\"1\":\"3\"}', '2025-08-23 19:45:54', '2025-08-23 19:45:54'),
(39, 42075639, '{\"6\":\"1\",\"5\":\"1\",\"4\":\"2\",\"3\":\"7\",\"2\":\"2\",\"1\":\"1\"}', '2025-08-23 19:46:45', '2025-08-23 19:46:45'),
(40, 42075639, '{\"6\":\"2\",\"5\":\"1\",\"4\":\"2\",\"3\":\"9\",\"2\":\"2\",\"1\":\"1\"}', '2025-08-23 20:24:04', '2025-08-23 20:24:04'),
(41, 42075639, '{\"6\":\"2\",\"5\":\"1\",\"4\":\"2\",\"3\":\"9\",\"2\":\"2\",\"1\":\"2\"}', '2025-08-23 20:24:47', '2025-08-23 20:24:47'),
(42, 42075639, '{\"6\":\"2\",\"5\":\"1\",\"4\":\"2\",\"3\":\"9\",\"2\":\"2\",\"1\":\"3\"}', '2025-08-23 20:25:31', '2025-08-23 20:25:31'),
(43, 42075639, '{\"6\":\"2\",\"5\":\"1\",\"4\":\"2\",\"3\":\"9\",\"2\":\"1\",\"1\":\"1\"}', '2025-08-23 20:26:09', '2025-08-23 20:26:09'),
(44, 42075639, '{\"6\":\"2\",\"5\":\"1\",\"4\":\"2\",\"3\":\"9\",\"2\":\"1\",\"1\":\"3\"}', '2025-08-23 20:26:43', '2025-08-23 20:26:43'),
(45, 42075639, '{\"6\":\"2\",\"5\":\"1\",\"4\":\"2\",\"3\":\"8\",\"2\":\"2\",\"1\":\"1\"}', '2025-08-23 20:27:21', '2025-08-23 20:27:21'),
(46, 42075639, '{\"6\":\"2\",\"5\":\"1\",\"4\":\"2\",\"3\":\"8\",\"2\":\"2\",\"1\":\"2\"}', '2025-08-23 20:27:49', '2025-08-23 20:27:49'),
(47, 42075639, '{\"6\":\"2\",\"5\":\"1\",\"4\":\"2\",\"3\":\"8\",\"2\":\"2\",\"1\":\"3\"}', '2025-08-23 20:28:20', '2025-08-23 20:28:20'),
(48, 42075639, '{\"6\":\"2\",\"5\":\"1\",\"4\":\"2\",\"3\":\"8\",\"2\":\"1\",\"1\":\"1\"}', '2025-08-23 20:29:19', '2025-08-23 20:29:19'),
(49, 42075639, '{\"6\":\"2\",\"5\":\"1\",\"4\":\"2\",\"3\":\"8\",\"2\":\"1\",\"1\":\"2\"}', '2025-08-23 20:29:57', '2025-08-23 20:29:57'),
(50, 42075639, '{\"6\":\"2\",\"5\":\"1\",\"4\":\"2\",\"3\":\"8\",\"2\":\"1\",\"1\":\"3\"}', '2025-08-23 20:30:24', '2025-08-23 20:30:24'),
(51, 42075639, '{\"6\":\"2\",\"5\":\"1\",\"4\":\"2\",\"3\":\"7\",\"2\":\"2\",\"1\":\"1\"}', '2025-08-23 20:30:56', '2025-08-23 20:30:56'),
(52, 42075639, '{\"6\":\"2\",\"5\":\"1\",\"4\":\"2\",\"3\":\"7\",\"2\":\"2\",\"1\":\"2\"}', '2025-08-23 20:31:25', '2025-08-23 20:31:25'),
(53, 42075639, '{\"6\":\"2\",\"5\":\"1\",\"4\":\"2\",\"3\":\"7\",\"2\":\"2\",\"1\":\"3\"}', '2025-08-23 20:31:57', '2025-08-23 20:31:57'),
(54, 42075639, '{\"6\":\"2\",\"5\":\"1\",\"4\":\"2\",\"3\":\"7\",\"2\":\"1\",\"1\":\"1\"}', '2025-08-23 20:32:32', '2025-08-23 20:32:32'),
(55, 42075639, '{\"6\":\"2\",\"5\":\"1\",\"4\":\"2\",\"3\":\"7\",\"2\":\"1\",\"1\":\"2\"}', '2025-08-25 19:49:45', '2025-08-25 19:49:45'),
(56, 42075639, '{\"6\":\"2\",\"5\":\"1\",\"4\":\"2\",\"3\":\"7\",\"2\":\"1\",\"1\":\"3\"}', '2025-08-25 19:50:25', '2025-08-25 19:50:25'),
(57, 42075639, '{\"6\":\"2\",\"5\":\"1\",\"4\":\"2\",\"3\":\"6\",\"2\":\"2\",\"1\":\"1\"}', '2025-08-25 19:51:13', '2025-08-25 19:51:13'),
(58, 42075639, '{\"6\":\"2\",\"5\":\"1\",\"4\":\"2\",\"3\":\"6\",\"2\":\"1\",\"1\":\"1\"}', '2025-08-25 19:51:59', '2025-08-25 19:51:59'),
(59, 42075639, '{\"6\":\"2\",\"5\":\"1\",\"4\":\"2\",\"3\":\"6\",\"2\":\"1\",\"1\":\"2\"}', '2025-08-25 19:52:36', '2025-08-25 19:52:36'),
(60, 42075639, '{\"6\":\"2\",\"5\":\"1\",\"4\":\"2\",\"3\":\"5\",\"2\":\"2\",\"1\":\"1\"}', '2025-08-25 19:53:07', '2025-08-25 19:53:07'),
(61, 42075639, '{\"6\":\"2\",\"5\":\"1\",\"4\":\"2\",\"3\":\"5\",\"2\":\"1\",\"1\":\"1\"}', '2025-08-25 19:53:43', '2025-08-25 19:53:43'),
(62, 42075639, '{\"6\":\"2\",\"5\":\"1\",\"4\":\"2\",\"3\":\"4\",\"2\":\"2\",\"1\":\"1\"}', '2025-08-25 19:54:29', '2025-08-25 19:54:29'),
(63, 42075639, '{\"6\":\"2\",\"5\":\"1\",\"4\":\"2\",\"3\":\"4\",\"2\":\"1\",\"1\":\"1\"}', '2025-08-25 19:55:32', '2025-08-25 19:55:32'),
(64, 42075639, '{\"6\":\"2\",\"5\":\"1\",\"4\":\"2\",\"3\":\"3\",\"2\":\"2\",\"1\":\"1\"}', '2025-08-25 19:56:12', '2025-08-25 19:56:12'),
(65, 42075639, '{\"6\":\"2\",\"5\":\"1\",\"4\":\"2\",\"3\":\"3\",\"2\":\"1\",\"1\":\"1\"}', '2025-08-25 19:57:16', '2025-08-25 19:57:16'),
(66, 42075639, '{\"6\":\"2\",\"5\":\"1\",\"4\":\"1\",\"3\":\"9\",\"2\":\"2\",\"1\":\"1\"}', '2025-08-25 19:58:20', '2025-08-25 19:58:20'),
(67, 42075639, '{\"6\":\"2\",\"5\":\"1\",\"4\":\"1\",\"3\":\"9\",\"2\":\"2\",\"1\":\"2\"}', '2025-08-25 19:59:08', '2025-08-25 19:59:08'),
(68, 42075639, '{\"6\":\"2\",\"5\":\"1\",\"4\":\"1\",\"3\":\"9\",\"2\":\"1\",\"1\":\"1\"}', '2025-08-25 19:59:40', '2025-08-25 19:59:40'),
(69, 42075639, '{\"6\":\"2\",\"5\":\"1\",\"4\":\"1\",\"3\":\"8\",\"2\":\"2\",\"1\":\"1\"}', '2025-08-25 20:00:20', '2025-08-25 20:00:20'),
(70, 42075639, '{\"6\":\"2\",\"5\":\"1\",\"4\":\"1\",\"3\":\"8\",\"2\":\"2\",\"1\":\"2\"}', '2025-08-25 20:00:47', '2025-08-25 20:00:47'),
(71, 42075639, '{\"6\":\"2\",\"5\":\"1\",\"4\":\"1\",\"3\":\"8\",\"2\":\"2\",\"1\":\"3\"}', '2025-08-25 20:01:23', '2025-08-25 20:01:23'),
(72, 42075639, '{\"6\":\"2\",\"5\":\"1\",\"4\":\"1\",\"3\":\"8\",\"2\":\"1\",\"1\":\"1\"}', '2025-08-25 20:01:58', '2025-08-25 20:01:58'),
(73, 42075639, '{\"6\":\"2\",\"5\":\"1\",\"4\":\"1\",\"3\":\"7\",\"2\":\"2\",\"1\":\"1\"}', '2025-08-25 20:02:33', '2025-08-25 20:02:33'),
(74, 42075639, '{\"6\":\"2\",\"5\":\"1\",\"4\":\"1\",\"3\":\"7\",\"2\":\"1\",\"1\":\"1\"}', '2025-08-25 20:03:23', '2025-08-25 20:03:23'),
(75, 42075639, '{\"6\":\"2\",\"5\":\"2\",\"4\":\"2\",\"3\":\"9\",\"2\":\"2\",\"1\":\"1\"}', '2025-08-25 20:05:52', '2025-08-25 20:05:52'),
(76, 42075639, '{\"6\":\"2\",\"5\":\"2\",\"4\":\"2\",\"3\":\"9\",\"2\":\"2\",\"1\":\"2\"}', '2025-08-25 20:06:21', '2025-08-25 20:06:21'),
(77, 42075639, '{\"6\":\"2\",\"5\":\"2\",\"4\":\"2\",\"3\":\"9\",\"2\":\"2\",\"1\":\"3\"}', '2025-08-25 20:07:05', '2025-08-25 20:07:05'),
(78, 42075639, '{\"6\":\"2\",\"5\":\"2\",\"4\":\"2\",\"3\":\"9\",\"2\":\"1\",\"1\":\"1\"}', '2025-08-25 20:08:44', '2025-08-25 20:08:44'),
(79, 42075639, '{\"6\":\"2\",\"5\":\"2\",\"4\":\"2\",\"3\":\"8\",\"2\":\"2\",\"1\":\"1\"}', '2025-08-25 20:09:18', '2025-08-25 20:09:18'),
(80, 42075639, '{\"6\":\"2\",\"5\":\"2\",\"4\":\"2\",\"3\":\"8\",\"2\":\"1\",\"1\":\"1\"}', '2025-08-25 20:09:40', '2025-08-25 20:09:40'),
(81, 42075639, '{\"6\":\"2\",\"5\":\"2\",\"4\":\"2\",\"3\":\"7\",\"2\":\"2\",\"1\":\"1\"}', '2025-08-25 20:10:22', '2025-08-25 20:10:22'),
(82, 42075639, '{\"6\":\"2\",\"5\":\"2\",\"4\":\"2\",\"3\":\"7\",\"2\":\"2\",\"1\":\"2\"}', '2025-08-25 20:10:46', '2025-08-25 20:10:46'),
(83, 42075639, '{\"6\":\"2\",\"5\":\"2\",\"4\":\"2\",\"3\":\"7\",\"2\":\"1\",\"1\":\"1\"}', '2025-08-25 20:11:16', '2025-08-25 20:11:16'),
(84, 42075639, '{\"6\":\"2\",\"5\":\"2\",\"4\":\"2\",\"3\":\"6\",\"2\":\"2\",\"1\":\"1\"}', '2025-08-25 20:11:55', '2025-08-25 20:11:55'),
(85, 42075639, '{\"6\":\"2\",\"5\":\"2\",\"4\":\"2\",\"3\":\"6\",\"2\":\"1\",\"1\":\"1\"}', '2025-08-25 20:12:29', '2025-08-25 20:12:29'),
(86, 42075639, '{\"6\":\"2\",\"5\":\"2\",\"4\":\"2\",\"3\":\"5\",\"2\":\"2\",\"1\":\"1\"}', '2025-08-25 20:13:05', '2025-08-25 20:13:05'),
(87, 42075639, '{\"6\":\"2\",\"5\":\"2\",\"4\":\"2\",\"3\":\"5\",\"2\":\"1\",\"1\":\"1\"}', '2025-08-25 20:13:38', '2025-08-25 20:13:38'),
(88, 42075639, '{\"6\":\"2\",\"5\":\"2\",\"4\":\"1\",\"3\":\"9\",\"2\":\"2\",\"1\":\"2\"}', '2025-08-25 20:15:35', '2025-08-25 20:15:35'),
(89, 42075639, '{\"6\":\"2\",\"5\":\"2\",\"4\":\"1\",\"3\":\"7\",\"2\":\"2\",\"1\":\"2\"}', '2025-08-25 20:16:21', '2025-08-25 20:16:21'),
(90, 42075639, '{\"6\":\"2\",\"5\":\"2\",\"4\":\"1\",\"3\":\"7\",\"2\":\"1\",\"1\":\"1\"}', '2025-08-25 20:16:52', '2025-08-25 20:16:52'),
(91, 42075639, '{\"6\":\"2\",\"5\":\"3\",\"4\":\"2\",\"3\":\"9\",\"2\":\"2\",\"1\":\"1\"}', '2025-08-25 20:18:02', '2025-08-25 20:18:02'),
(92, 42075639, '{\"6\":\"2\",\"5\":\"3\",\"4\":\"2\",\"3\":\"9\",\"2\":\"1\",\"1\":\"2\"}', '2025-08-25 20:18:36', '2025-08-25 20:18:36'),
(93, 42075639, '{\"6\":\"2\",\"5\":\"3\",\"4\":\"2\",\"3\":\"8\",\"2\":\"2\",\"1\":\"2\"}', '2025-08-25 20:18:59', '2025-08-25 20:18:59'),
(94, 42075639, '{\"6\":\"2\",\"5\":\"3\",\"4\":\"2\",\"3\":\"7\",\"2\":\"2\",\"1\":\"2\"}', '2025-08-25 20:19:51', '2025-08-25 20:19:51'),
(95, 42075639, '{\"6\":\"2\",\"5\":\"3\",\"4\":\"2\",\"3\":\"7\",\"2\":\"1\",\"1\":\"1\"}', '2025-08-25 20:20:18', '2025-08-25 20:20:18'),
(96, 42075639, '{\"6\":\"2\",\"5\":\"3\",\"4\":\"1\",\"3\":\"9\",\"2\":\"2\",\"1\":\"2\"}', '2025-08-25 20:22:15', '2025-08-25 20:22:15'),
(97, 42075639, '{\"6\":\"2\",\"5\":\"4\",\"4\":\"2\",\"3\":\"9\",\"2\":\"2\",\"1\":\"2\"}', '2025-08-25 20:25:56', '2025-08-25 20:25:56'),
(98, 42075639, '{\"6\":\"2\",\"5\":\"4\",\"4\":\"2\",\"3\":\"9\",\"2\":\"1\",\"1\":\"2\"}', '2025-08-25 20:26:40', '2025-08-25 20:26:40'),
(99, 42075639, '{\"6\":\"2\",\"5\":\"4\",\"4\":\"2\",\"3\":\"8\",\"2\":\"2\",\"1\":\"1\"}', '2025-08-25 20:27:14', '2025-08-25 20:27:14'),
(100, 42075639, '{\"6\":\"2\",\"5\":\"4\",\"4\":\"2\",\"3\":\"8\",\"2\":\"1\",\"1\":\"2\"}', '2025-08-25 20:27:47', '2025-08-25 20:27:47'),
(101, 42075639, '{\"6\":\"2\",\"5\":\"4\",\"4\":\"2\",\"3\":\"7\",\"2\":\"2\",\"1\":\"2\"}', '2025-08-25 20:28:45', '2025-08-25 20:28:45'),
(102, 42075639, '{\"6\":\"2\",\"5\":\"4\",\"4\":\"2\",\"3\":\"7\",\"2\":\"1\",\"1\":\"2\"}', '2025-08-25 20:29:28', '2025-08-25 20:29:28'),
(103, 42075639, '{\"6\":\"3\",\"5\":\"1\",\"4\":\"2\",\"3\":\"9\",\"2\":\"2\",\"1\":\"1\"}', '2025-08-25 20:32:34', '2025-08-25 20:32:34'),
(104, 42075639, '{\"6\":\"3\",\"5\":\"1\",\"4\":\"2\",\"3\":\"9\",\"2\":\"2\",\"1\":\"2\"}', '2025-08-25 20:33:03', '2025-08-25 20:33:03'),
(105, 42075639, '{\"6\":\"3\",\"5\":\"1\",\"4\":\"2\",\"3\":\"9\",\"2\":\"1\",\"1\":\"2\"}', '2025-08-25 20:34:37', '2025-08-25 20:34:37'),
(106, 42075639, '{\"6\":\"3\",\"5\":\"1\",\"4\":\"2\",\"3\":\"8\",\"2\":\"2\",\"1\":\"1\"}', '2025-08-25 20:35:10', '2025-08-25 20:35:10'),
(107, 42075639, '{\"6\":\"3\",\"5\":\"1\",\"4\":\"2\",\"3\":\"8\",\"2\":\"1\",\"1\":\"2\"}', '2025-08-25 20:35:33', '2025-08-25 20:35:33'),
(108, 42075639, '{\"6\":\"3\",\"5\":\"1\",\"4\":\"2\",\"3\":\"7\",\"2\":\"2\",\"1\":\"1\"}', '2025-08-25 20:36:03', '2025-08-25 20:36:03'),
(109, 42075639, '{\"6\":\"3\",\"5\":\"1\",\"4\":\"2\",\"3\":\"7\",\"2\":\"1\",\"1\":\"1\"}', '2025-08-25 20:57:55', '2025-08-25 20:57:55'),
(110, 42075639, '{\"6\":\"3\",\"5\":\"1\",\"4\":\"2\",\"3\":\"6\",\"2\":\"2\",\"1\":\"1\"}', '2025-08-25 20:58:24', '2025-08-25 20:58:24'),
(111, 42075639, '{\"6\":\"3\",\"5\":\"1\",\"4\":\"2\",\"3\":\"6\",\"2\":\"1\",\"1\":\"1\"}', '2025-08-25 20:58:52', '2025-08-25 20:58:52'),
(112, 42075639, '{\"6\":\"3\",\"5\":\"1\",\"4\":\"2\",\"3\":\"5\",\"2\":\"2\",\"1\":\"2\"}', '2025-08-25 20:59:25', '2025-08-25 20:59:25'),
(113, 42075639, '{\"6\":\"3\",\"5\":\"1\",\"4\":\"2\",\"3\":\"5\",\"2\":\"1\",\"1\":\"1\"}', '2025-08-25 21:00:00', '2025-08-25 21:00:00'),
(114, 42075639, '{\"6\":\"3\",\"5\":\"1\",\"4\":\"2\",\"3\":\"4\",\"2\":\"2\",\"1\":\"1\"}', '2025-08-25 21:00:33', '2025-08-25 21:00:33'),
(115, 42075639, '{\"6\":\"3\",\"5\":\"1\",\"4\":\"2\",\"3\":\"5\",\"2\":\"1\",\"1\":\"1\"}', '2025-08-25 21:01:02', '2025-08-25 21:01:02'),
(116, 42075639, '{\"6\":\"3\",\"5\":\"1\",\"4\":\"2\",\"3\":\"3\",\"2\":\"2\",\"1\":\"1\"}', '2025-08-25 21:01:40', '2025-08-25 21:01:40'),
(117, 42075639, '{\"6\":\"3\",\"5\":\"1\",\"4\":\"1\",\"3\":\"9\",\"2\":\"2\",\"1\":\"1\"}', '2025-08-25 21:03:17', '2025-08-25 21:03:17'),
(118, 42075639, '{\"6\":\"3\",\"5\":\"1\",\"4\":\"1\",\"3\":\"9\",\"2\":\"1\",\"1\":\"1\"}', '2025-08-25 21:03:45', '2025-08-25 21:03:45'),
(119, 42075639, '{\"6\":\"3\",\"5\":\"1\",\"4\":\"1\",\"3\":\"8\",\"2\":\"2\",\"1\":\"1\"}', '2025-08-25 21:04:18', '2025-08-25 21:04:18'),
(120, 42075639, '{\"6\":\"3\",\"5\":\"1\",\"4\":\"1\",\"3\":\"8\",\"2\":\"1\",\"1\":\"1\"}', '2025-08-25 21:04:47', '2025-08-25 21:04:47'),
(121, 42075639, '{\"6\":\"3\",\"5\":\"1\",\"4\":\"1\",\"3\":\"7\",\"2\":\"2\",\"1\":\"1\"}', '2025-08-25 21:05:18', '2025-08-25 21:05:18'),
(122, 42075639, '{\"6\":\"3\",\"5\":\"1\",\"4\":\"1\",\"3\":\"7\",\"2\":\"1\",\"1\":\"1\"}', '2025-08-25 21:06:07', '2025-08-25 21:06:07'),
(123, 42075639, '{\"6\":\"3\",\"5\":\"1\",\"4\":\"1\",\"3\":\"5\",\"2\":\"2\",\"1\":\"2\"}', '2025-08-25 21:06:39', '2025-08-25 21:06:39'),
(124, 42075639, '{\"6\":\"3\",\"5\":\"2\",\"4\":\"2\",\"3\":\"9\",\"2\":\"2\",\"1\":\"1\"}', '2025-08-25 21:07:16', '2025-08-25 21:07:16'),
(125, 42075639, '{\"6\":\"3\",\"5\":\"2\",\"4\":\"2\",\"3\":\"9\",\"2\":\"1\",\"1\":\"1\"}', '2025-08-25 21:07:48', '2025-08-25 21:07:48'),
(126, 42075639, '{\"6\":\"3\",\"5\":\"2\",\"4\":\"2\",\"3\":\"8\",\"2\":\"2\",\"1\":\"1\"}', '2025-08-25 21:08:18', '2025-08-25 21:08:18'),
(127, 42075639, '{\"6\":\"3\",\"5\":\"2\",\"4\":\"2\",\"3\":\"6\",\"2\":\"2\",\"1\":\"2\"}', '2025-08-25 21:09:15', '2025-08-25 21:09:15'),
(128, 42075639, '{\"6\":\"3\",\"5\":\"2\",\"4\":\"1\",\"3\":\"9\",\"2\":\"2\",\"1\":\"1\"}', '2025-08-25 21:10:04', '2025-08-25 21:10:04'),
(129, 42075639, '{\"6\":\"3\",\"5\":\"3\",\"4\":\"2\",\"3\":\"6\",\"2\":\"2\",\"1\":\"1\"}', '2025-08-25 21:11:15', '2025-08-25 21:11:15'),
(130, 42075639, '{\"6\":\"3\",\"5\":\"3\",\"4\":\"2\",\"3\":\"9\",\"2\":\"2\",\"1\":\"1\"}', '2025-08-25 21:12:15', '2025-08-25 21:12:15'),
(131, 42075639, '{\"6\":\"3\",\"5\":\"3\",\"4\":\"2\",\"3\":\"9\",\"2\":\"1\",\"1\":\"1\"}', '2025-08-25 21:12:53', '2025-08-25 21:12:53'),
(132, 42075639, '{\"6\":\"3\",\"5\":\"3\",\"4\":\"2\",\"3\":\"8\",\"2\":\"2\",\"1\":\"1\"}', '2025-08-25 21:13:18', '2025-08-25 21:13:18'),
(133, 42075639, '{\"6\":\"3\",\"5\":\"3\",\"4\":\"2\",\"3\":\"8\",\"2\":\"1\",\"1\":\"1\"}', '2025-08-25 21:13:45', '2025-08-25 21:13:45'),
(134, 42075639, '{\"6\":\"3\",\"5\":\"3\",\"4\":\"2\",\"3\":\"7\",\"2\":\"2\",\"1\":\"1\"}', '2025-08-25 21:14:18', '2025-08-25 21:14:18'),
(135, 42075639, '{\"6\":\"3\",\"5\":\"3\",\"4\":\"2\",\"3\":\"7\",\"2\":\"1\",\"1\":\"1\"}', '2025-08-25 21:14:42', '2025-08-25 21:14:42'),
(136, 42075639, '{\"6\":\"3\",\"5\":\"3\",\"4\":\"1\",\"3\":\"9\",\"2\":\"2\",\"1\":\"1\"}', '2025-08-25 21:15:23', '2025-08-25 21:15:23'),
(137, 42075639, '{\"6\":\"3\",\"5\":\"4\",\"4\":\"2\",\"3\":\"9\",\"2\":\"2\",\"1\":\"1\"}', '2025-08-25 21:16:18', '2025-08-25 21:16:18'),
(138, 42075639, '{\"6\":\"3\",\"5\":\"4\",\"4\":\"2\",\"3\":\"9\",\"2\":\"1\",\"1\":\"1\"}', '2025-08-25 21:16:37', '2025-08-25 21:16:37'),
(139, 42075639, '{\"6\":\"3\",\"5\":\"4\",\"4\":\"2\",\"3\":\"8\",\"2\":\"2\",\"1\":\"1\"}', '2025-08-25 21:16:56', '2025-08-25 21:16:56'),
(140, 42075639, '{\"6\":\"4\",\"5\":\"1\",\"4\":\"2\",\"3\":\"9\",\"2\":\"2\",\"1\":\"1\"}', '2025-08-25 21:17:51', '2025-08-25 21:17:51'),
(141, 42075639, '{\"6\":\"4\",\"5\":\"1\",\"4\":\"2\",\"3\":\"9\",\"2\":\"1\",\"1\":\"1\"}', '2025-08-25 21:18:15', '2025-08-25 21:18:15'),
(142, 42075639, '{\"6\":\"4\",\"5\":\"1\",\"4\":\"2\",\"3\":\"8\",\"2\":\"2\",\"1\":\"2\"}', '2025-08-25 21:18:52', '2025-08-25 21:18:52'),
(143, 42075639, '{\"6\":\"4\",\"5\":\"1\",\"4\":\"2\",\"3\":\"7\",\"2\":\"2\",\"1\":\"2\"}', '2025-08-25 21:19:30', '2025-08-25 21:19:30'),
(144, 42075639, '{\"6\":\"4\",\"5\":\"2\",\"4\":\"2\",\"3\":\"7\",\"2\":\"2\",\"1\":\"1\"}', '2025-08-25 21:20:03', '2025-08-25 21:20:03'),
(145, 42075639, '{\"6\":\"4\",\"5\":\"2\",\"4\":\"2\",\"3\":\"9\",\"2\":\"2\",\"1\":\"1\"}', '2025-08-25 21:20:23', '2025-08-25 21:20:23'),
(146, 42075639, '{\"6\":\"3\",\"5\":\"2\",\"4\":\"2\",\"3\":\"9\",\"2\":\"1\",\"1\":\"1\"}', '2025-08-25 21:20:49', '2025-08-25 21:20:49'),
(147, 42075639, '{\"6\":\"4\",\"5\":\"2\",\"4\":\"2\",\"3\":\"8\",\"2\":\"2\",\"1\":\"1\"}', '2025-08-25 21:21:12', '2025-08-25 21:21:12'),
(148, 42075639, '{\"6\":\"4\",\"5\":\"2\",\"4\":\"2\",\"3\":\"7\",\"2\":\"2\",\"1\":\"1\"}', '2025-08-25 21:21:48', '2025-08-25 21:21:48'),
(149, 42075639, '{\"6\":\"4\",\"5\":\"2\",\"4\":\"2\",\"3\":\"7\",\"2\":\"1\",\"1\":\"1\"}', '2025-08-25 21:22:19', '2025-08-25 21:22:19'),
(150, 42075639, '{\"6\":\"4\",\"5\":\"2\",\"4\":\"2\",\"3\":\"6\",\"2\":\"2\",\"1\":\"1\"}', '2025-08-25 21:22:52', '2025-08-25 21:22:52'),
(151, 42075639, '{\"6\":\"4\",\"5\":\"2\",\"4\":\"1\",\"3\":\"7\",\"2\":\"2\",\"1\":\"1\"}', '2025-08-25 21:23:27', '2025-08-25 21:23:27'),
(152, 42075639, '{\"6\":\"4\",\"5\":\"3\",\"4\":\"2\",\"3\":\"9\",\"2\":\"2\",\"1\":\"1\"}', '2025-08-25 21:24:13', '2025-08-25 21:24:13'),
(153, 42075639, '{\"6\":\"4\",\"5\":\"3\",\"4\":\"2\",\"3\":\"9\",\"2\":\"1\",\"1\":\"1\"}', '2025-08-25 21:24:35', '2025-08-25 21:24:35'),
(154, 42075639, '{\"6\":\"4\",\"5\":\"3\",\"4\":\"2\",\"3\":\"8\",\"2\":\"1\",\"1\":\"1\"}', '2025-08-25 21:25:11', '2025-08-25 21:25:11'),
(155, 42075639, '{\"6\":\"4\",\"5\":\"3\",\"4\":\"2\",\"3\":\"8\",\"2\":\"2\",\"1\":\"1\"}', '2025-08-25 21:25:21', '2025-08-25 21:25:21'),
(156, 42075639, '{\"6\":\"4\",\"5\":\"3\",\"4\":\"2\",\"3\":\"7\",\"2\":\"2\",\"1\":\"1\"}', '2025-08-25 21:25:45', '2025-08-25 21:25:45'),
(157, 42075639, '{\"6\":\"4\",\"5\":\"3\",\"4\":\"2\",\"3\":\"6\",\"2\":\"2\",\"1\":\"1\"}', '2025-08-25 21:26:12', '2025-08-25 21:26:12'),
(158, 42075639, '{\"6\":\"4\",\"5\":\"3\",\"4\":\"2\",\"3\":\"6\",\"2\":\"1\",\"1\":\"1\"}', '2025-08-25 21:26:20', '2025-08-25 21:26:20'),
(159, 42075639, '{\"6\":\"4\",\"5\":\"3\",\"4\":\"2\",\"3\":\"5\",\"2\":\"2\",\"1\":\"1\"}', '2025-08-25 21:26:38', '2025-08-25 21:26:38'),
(160, 42075639, '{\"6\":\"4\",\"5\":\"3\",\"4\":\"2\",\"3\":\"5\",\"2\":\"1\",\"1\":\"1\"}', '2025-08-25 21:26:52', '2025-08-25 21:26:52'),
(161, 42075639, '{\"6\":\"4\",\"5\":\"3\",\"4\":\"2\",\"3\":\"4\",\"2\":\"2\",\"1\":\"1\"}', '2025-08-25 21:27:14', '2025-08-25 21:27:14'),
(162, 42075639, '{\"6\":\"4\",\"5\":\"3\",\"4\":\"2\",\"3\":\"4\",\"2\":\"1\",\"1\":\"1\"}', '2025-08-25 21:27:23', '2025-08-25 21:27:23'),
(163, 42075639, '{\"6\":\"4\",\"5\":\"3\",\"4\":\"2\",\"3\":\"3\",\"2\":\"2\",\"1\":\"1\"}', '2025-08-25 21:27:44', '2025-08-25 21:27:44'),
(164, 42075639, '{\"6\":\"4\",\"5\":\"3\",\"4\":\"2\",\"3\":\"3\",\"2\":\"1\",\"1\":\"1\"}', '2025-08-25 21:27:52', '2025-08-25 21:27:52'),
(165, 42075639, '{\"6\":\"4\",\"5\":\"3\",\"4\":\"2\",\"3\":\"2\",\"2\":\"2\",\"1\":\"1\"}', '2025-08-25 21:28:31', '2025-08-25 21:28:31'),
(166, 42075639, '{\"6\":\"4\",\"5\":\"3\",\"4\":\"2\",\"3\":\"2\",\"2\":\"1\",\"1\":\"1\"}', '2025-08-25 21:28:40', '2025-08-25 21:28:40'),
(167, 42075639, '{\"6\":\"4\",\"5\":\"3\",\"4\":\"2\",\"3\":\"1\",\"2\":\"2\",\"1\":\"1\"}', '2025-08-25 21:29:03', '2025-08-25 21:29:03'),
(168, 42075639, '{\"6\":\"4\",\"5\":\"3\",\"4\":\"2\",\"3\":\"1\",\"2\":\"1\",\"1\":\"1\"}', '2025-08-25 21:29:10', '2025-08-25 21:29:10'),
(169, 42075639, '{\"6\":\"4\",\"5\":\"3\",\"4\":\"1\",\"3\":\"9\",\"2\":\"2\",\"1\":\"1\"}', '2025-08-25 21:29:32', '2025-08-25 21:29:32'),
(170, 42075639, '{\"6\":\"4\",\"5\":\"3\",\"4\":\"1\",\"3\":\"9\",\"2\":\"2\",\"1\":\"1\"}', '2025-08-25 21:52:21', '2025-08-25 21:52:21'),
(171, 42075639, '{\"6\":\"4\",\"5\":\"3\",\"4\":\"1\",\"3\":\"9\",\"2\":\"1\",\"1\":\"1\"}', '2025-08-25 21:52:38', '2025-08-25 21:52:38'),
(172, 42075639, '{\"6\":\"4\",\"5\":\"3\",\"4\":\"1\",\"3\":\"8\",\"2\":\"2\",\"1\":\"1\"}', '2025-08-25 21:53:03', '2025-08-25 21:53:03'),
(173, 42075639, '{\"6\":\"4\",\"5\":\"3\",\"4\":\"1\",\"3\":\"8\",\"2\":\"1\",\"1\":\"1\"}', '2025-08-25 21:53:14', '2025-08-25 21:53:14'),
(174, 42075639, '{\"6\":\"4\",\"5\":\"3\",\"4\":\"1\",\"3\":\"7\",\"2\":\"2\",\"1\":\"1\"}', '2025-08-25 21:53:44', '2025-08-25 21:53:44'),
(175, 42075639, '{\"6\":\"4\",\"5\":\"3\",\"4\":\"1\",\"3\":\"7\",\"2\":\"1\",\"1\":\"1\"}', '2025-08-25 21:53:51', '2025-08-25 21:53:51'),
(176, 42075639, '{\"6\":\"4\",\"5\":\"3\",\"4\":\"1\",\"3\":\"6\",\"2\":\"2\",\"1\":\"1\"}', '2025-08-25 21:54:01', '2025-08-25 21:54:01'),
(177, 42075639, '{\"6\":\"4\",\"5\":\"3\",\"4\":\"1\",\"3\":\"6\",\"2\":\"1\",\"1\":\"1\"}', '2025-08-25 21:54:13', '2025-08-25 21:54:13'),
(178, 42075639, '{\"6\":\"4\",\"5\":\"3\",\"4\":\"1\",\"3\":\"5\",\"2\":\"2\",\"1\":\"1\"}', '2025-08-25 21:54:25', '2025-08-25 21:54:25'),
(179, 42075639, '{\"6\":\"4\",\"5\":\"3\",\"4\":\"1\",\"3\":\"5\",\"2\":\"1\",\"1\":\"1\"}', '2025-08-25 21:54:33', '2025-08-25 21:54:33'),
(180, 42075639, '{\"6\":\"4\",\"5\":\"3\",\"4\":\"1\",\"3\":\"4\",\"2\":\"2\",\"1\":\"1\"}', '2025-08-25 21:54:42', '2025-08-25 21:54:42'),
(181, 42075639, '{\"6\":\"4\",\"5\":\"3\",\"4\":\"1\",\"3\":\"4\",\"2\":\"1\",\"1\":\"1\"}', '2025-08-25 21:54:49', '2025-08-25 21:54:49'),
(182, 42075639, '{\"6\":\"4\",\"5\":\"3\",\"4\":\"1\",\"3\":\"2\",\"2\":\"2\",\"1\":\"1\"}', '2025-08-25 21:55:05', '2025-08-25 21:55:05'),
(183, 42075639, '{\"6\":\"4\",\"5\":\"3\",\"4\":\"1\",\"3\":\"5\",\"2\":\"2\",\"1\":\"1\"}', '2025-08-25 21:55:26', '2025-08-25 21:55:26'),
(184, 42075639, '{\"6\":\"4\",\"5\":\"3\",\"4\":\"1\",\"3\":\"2\",\"2\":\"1\",\"1\":\"1\"}', '2025-08-25 21:55:52', '2025-08-25 21:55:52'),
(185, 42075639, '{\"6\":\"4\",\"5\":\"3\",\"4\":\"1\",\"3\":\"1\",\"2\":\"2\",\"1\":\"1\"}', '2025-08-25 21:56:14', '2025-08-25 21:56:14'),
(186, 42075639, '{\"6\":\"4\",\"5\":\"4\",\"4\":\"2\",\"3\":\"9\",\"2\":\"2\",\"1\":\"1\"}', '2025-08-25 21:56:49', '2025-08-25 21:56:49'),
(187, 42075639, '{\"6\":\"4\",\"5\":\"4\",\"4\":\"2\",\"3\":\"9\",\"2\":\"1\",\"1\":\"1\"}', '2025-08-25 21:56:57', '2025-08-25 21:56:57'),
(188, 42075639, '{\"6\":\"4\",\"5\":\"4\",\"4\":\"2\",\"3\":\"8\",\"2\":\"1\",\"1\":\"1\"}', '2025-08-25 21:57:05', '2025-08-25 21:57:05'),
(189, 42075639, '{\"6\":\"4\",\"5\":\"4\",\"4\":\"2\",\"3\":\"8\",\"2\":\"2\",\"1\":\"1\"}', '2025-08-25 21:57:12', '2025-08-25 21:57:12'),
(190, 42075639, '{\"6\":\"4\",\"5\":\"4\",\"4\":\"2\",\"3\":\"7\",\"2\":\"2\",\"1\":\"1\"}', '2025-08-25 21:57:54', '2025-08-25 21:57:54'),
(191, 42075639, '{\"6\":\"4\",\"5\":\"4\",\"4\":\"2\",\"3\":\"7\",\"2\":\"1\",\"1\":\"1\"}', '2025-08-25 21:58:04', '2025-08-25 21:58:04'),
(192, 42075639, '{\"6\":\"4\",\"5\":\"4\",\"4\":\"2\",\"3\":\"6\",\"2\":\"1\",\"1\":\"1\"}', '2025-08-25 21:58:12', '2025-08-25 21:58:12'),
(193, 42075639, '{\"6\":\"4\",\"5\":\"4\",\"4\":\"2\",\"3\":\"6\",\"2\":\"2\",\"1\":\"1\"}', '2025-08-25 21:58:19', '2025-08-25 21:58:19'),
(194, 42075639, '{\"6\":\"4\",\"5\":\"4\",\"4\":\"2\",\"3\":\"5\",\"2\":\"2\",\"1\":\"1\"}', '2025-08-25 21:58:26', '2025-08-25 21:58:26'),
(195, 42075639, '{\"6\":\"4\",\"5\":\"4\",\"4\":\"2\",\"3\":\"5\",\"2\":\"1\",\"1\":\"1\"}', '2025-08-25 21:58:49', '2025-08-25 21:58:49'),
(196, 42075639, '{\"6\":\"4\",\"5\":\"4\",\"4\":\"2\",\"3\":\"4\",\"2\":\"1\",\"1\":\"1\"}', '2025-08-25 21:59:07', '2025-08-25 21:59:07'),
(197, 42075639, '{\"6\":\"4\",\"5\":\"4\",\"4\":\"2\",\"3\":\"4\",\"2\":\"2\",\"1\":\"1\"}', '2025-08-25 21:59:17', '2025-08-25 21:59:17'),
(198, 42075639, '{\"6\":\"4\",\"5\":\"4\",\"4\":\"2\",\"3\":\"3\",\"2\":\"2\",\"1\":\"1\"}', '2025-08-25 21:59:25', '2025-08-25 21:59:25'),
(199, 42075639, '{\"6\":\"4\",\"5\":\"4\",\"4\":\"2\",\"3\":\"3\",\"2\":\"2\",\"1\":\"1\"}', '2025-08-25 21:59:31', '2025-08-25 21:59:31'),
(200, 42075639, '{\"6\":\"4\",\"5\":\"4\",\"4\":\"2\",\"3\":\"3\",\"2\":\"1\",\"1\":\"1\"}', '2025-08-25 21:59:38', '2025-08-25 21:59:38'),
(201, 42075639, '{\"6\":\"4\",\"5\":\"4\",\"4\":\"2\",\"3\":\"2\",\"2\":\"1\",\"1\":\"1\"}', '2025-08-25 21:59:52', '2025-08-25 21:59:52'),
(202, 42075639, '{\"6\":\"4\",\"5\":\"4\",\"4\":\"2\",\"3\":\"2\",\"2\":\"2\",\"1\":\"1\"}', '2025-08-25 22:00:01', '2025-08-25 22:00:01'),
(203, 42075639, '{\"6\":\"4\",\"5\":\"4\",\"4\":\"2\",\"3\":\"1\",\"2\":\"2\",\"1\":\"1\"}', '2025-08-25 22:00:29', '2025-08-25 22:00:29'),
(204, 42075639, '{\"6\":\"4\",\"5\":\"4\",\"4\":\"2\",\"3\":\"1\",\"2\":\"1\",\"1\":\"1\"}', '2025-08-25 22:00:41', '2025-08-25 22:00:41'),
(205, 42075639, '{\"6\":\"4\",\"5\":\"4\",\"4\":\"2\",\"3\":\"1\",\"2\":\"1\",\"1\":\"3\"}', '2025-08-25 22:00:49', '2025-08-25 22:00:49'),
(206, 42075639, '{\"6\":\"4\",\"5\":\"4\",\"4\":\"1\",\"3\":\"9\",\"2\":\"2\",\"1\":\"1\"}', '2025-08-25 22:01:17', '2025-08-25 22:01:17'),
(207, 42075639, '{\"6\":\"4\",\"5\":\"4\",\"4\":\"1\",\"3\":\"9\",\"2\":\"1\",\"1\":\"1\"}', '2025-08-25 22:01:26', '2025-08-25 22:01:26'),
(208, 42075639, '{\"6\":\"4\",\"5\":\"4\",\"4\":\"1\",\"3\":\"8\",\"2\":\"2\",\"1\":\"1\"}', '2025-08-25 22:01:36', '2025-08-25 22:01:36'),
(209, 42075639, '{\"6\":\"4\",\"5\":\"4\",\"4\":\"1\",\"3\":\"8\",\"2\":\"1\",\"1\":\"1\"}', '2025-08-25 22:01:59', '2025-08-25 22:01:59'),
(210, 42075639, '{\"6\":\"4\",\"5\":\"4\",\"4\":\"1\",\"3\":\"7\",\"2\":\"1\",\"1\":\"1\"}', '2025-08-25 22:02:23', '2025-08-25 22:02:23'),
(211, 42075639, '{\"6\":\"4\",\"5\":\"4\",\"4\":\"1\",\"3\":\"7\",\"2\":\"2\",\"1\":\"1\"}', '2025-08-25 22:02:29', '2025-08-25 22:02:29'),
(212, 42075639, '{\"6\":\"4\",\"5\":\"4\",\"4\":\"1\",\"3\":\"6\",\"2\":\"2\",\"1\":\"1\"}', '2025-08-25 22:02:36', '2025-08-25 22:02:36'),
(213, 42075639, '{\"6\":\"4\",\"5\":\"4\",\"4\":\"1\",\"3\":\"6\",\"2\":\"1\",\"1\":\"1\"}', '2025-08-25 22:02:45', '2025-08-25 22:02:45'),
(214, 42075639, '{\"6\":\"4\",\"5\":\"4\",\"4\":\"1\",\"3\":\"5\",\"2\":\"1\",\"1\":\"1\"}', '2025-08-25 22:02:51', '2025-08-25 22:02:51'),
(215, 42075639, '{\"6\":\"4\",\"5\":\"4\",\"4\":\"1\",\"3\":\"1\",\"2\":\"1\",\"1\":\"1\"}', '2025-08-25 22:03:45', '2025-08-25 22:03:45'),
(216, 42075639, '{\"6\":\"2\",\"5\":\"4\",\"4\":\"2\",\"3\":\"8\",\"2\":\"2\",\"1\":\"2\"}', '2025-08-28 02:07:31', '2025-08-28 02:07:31'),
(217, 42075639, '{\"6\":\"2\",\"5\":\"1\",\"4\":\"2\",\"3\":\"8\",\"2\":\"2\",\"1\":\"2\"}', '2025-08-28 02:07:53', '2025-08-28 02:07:53'),
(218, 42075639, '{\"6\":\"1\",\"5\":\"1\",\"4\":\"2\",\"3\":\"9\",\"2\":\"2\",\"1\":\"1\"}', '2025-08-28 02:54:27', '2025-08-28 02:54:27'),
(219, 42075639, '{\"6\":\"1\",\"5\":\"1\",\"4\":\"2\",\"3\":\"9\",\"2\":\"2\",\"1\":\"2\"}', '2025-08-28 02:54:36', '2025-08-28 02:54:36'),
(220, 42075639, '{\"6\":\"1\",\"5\":\"1\",\"4\":\"2\",\"3\":\"9\",\"2\":\"2\",\"1\":\"3\"}', '2025-08-28 02:54:47', '2025-08-28 02:54:47'),
(221, 42075639, '{\"6\":\"1\",\"5\":\"1\",\"4\":\"2\",\"3\":\"9\",\"2\":\"1\",\"1\":\"3\"}', '2025-08-28 02:54:58', '2025-08-28 02:54:58'),
(222, 42075639, '{\"6\":\"1\",\"5\":\"1\",\"4\":\"2\",\"3\":\"8\",\"2\":\"1\",\"1\":\"3\"}', '2025-08-28 02:55:20', '2025-08-28 02:55:20'),
(223, 42075639, '{\"6\":\"1\",\"5\":\"2\",\"4\":\"2\",\"3\":\"8\",\"2\":\"2\",\"1\":\"3\"}', '2025-08-28 02:55:47', '2025-08-28 02:55:47'),
(224, 42075639, '{\"6\":\"1\",\"5\":\"1\",\"4\":\"1\",\"3\":\"8\",\"2\":\"2\",\"1\":\"3\"}', '2025-08-28 02:56:32', '2025-08-28 02:56:32'),
(225, 42075639, '{\"6\":\"1\",\"5\":\"1\",\"4\":\"1\",\"3\":\"7\",\"2\":\"2\",\"1\":\"3\"}', '2025-08-28 02:56:47', '2025-08-28 02:56:47'),
(226, 42075639, '{\"6\":\"1\",\"5\":\"1\",\"4\":\"1\",\"3\":\"4\",\"2\":\"2\",\"1\":\"3\"}', '2025-08-28 02:57:01', '2025-08-28 02:57:01'),
(227, 42075639, '{\"6\":\"2\",\"5\":\"4\",\"4\":\"1\",\"3\":\"6\",\"2\":\"2\",\"1\":\"2\"}', '2025-08-29 15:07:26', '2025-08-29 15:07:26'),
(228, 42075639, '{\"6\":\"1\",\"5\":\"4\",\"4\":\"1\",\"3\":\"2\",\"2\":\"1\",\"1\":\"3\"}', '2025-08-29 15:09:01', '2025-08-29 15:09:01'),
(229, 59075213, '{\"6\":\"4\",\"5\":\"4\",\"4\":\"1\",\"3\":\"9\",\"2\":\"2\",\"1\":\"3\"}', '2025-08-31 12:30:11', '2025-08-31 12:30:11'),
(230, 42075639, '{\"6\":\"4\",\"5\":\"2\",\"4\":\"2\",\"3\":\"7\",\"2\":\"2\",\"1\":\"1\"}', '2025-09-01 04:05:54', '2025-09-01 04:05:54'),
(231, 42075639, '{\"6\":\"4\",\"5\":\"2\",\"4\":\"2\",\"3\":\"7\",\"2\":\"1\",\"1\":\"1\"}', '2025-09-01 04:06:59', '2025-09-01 04:06:59'),
(232, 42075639, '{\"6\":\"4\",\"5\":\"2\",\"4\":\"2\",\"3\":\"6\",\"2\":\"1\",\"1\":\"1\"}', '2025-09-01 04:07:16', '2025-09-01 04:07:16'),
(233, 42075639, '{\"6\":\"4\",\"5\":\"2\",\"4\":\"2\",\"3\":\"6\",\"2\":\"2\",\"1\":\"1\"}', '2025-09-01 04:07:26', '2025-09-01 04:07:26'),
(234, 42075639, '{\"6\":\"4\",\"5\":\"2\",\"4\":\"2\",\"3\":\"7\",\"2\":\"2\",\"1\":\"1\"}', '2025-09-02 00:50:56', '2025-09-02 00:50:56'),
(235, 42075639, '{\"6\":\"4\",\"5\":\"2\",\"4\":\"2\",\"3\":\"7\",\"2\":\"1\",\"1\":\"1\"}', '2025-09-02 00:51:08', '2025-09-02 00:51:08'),
(236, 42075639, '{\"6\":\"4\",\"5\":\"2\",\"4\":\"2\",\"3\":\"5\",\"2\":\"1\",\"1\":\"1\"}', '2025-09-02 00:51:37', '2025-09-02 00:51:37'),
(237, 42075639, '{\"6\":\"4\",\"5\":\"2\",\"4\":\"2\",\"3\":\"5\",\"2\":\"2\",\"1\":\"1\"}', '2025-09-02 00:51:45', '2025-09-02 00:51:45'),
(238, 42075639, '{\"6\":\"4\",\"5\":\"2\",\"4\":\"2\",\"3\":\"4\",\"2\":\"2\",\"1\":\"1\"}', '2025-09-02 00:52:05', '2025-09-02 00:52:05'),
(239, 42075639, '{\"6\":\"4\",\"5\":\"2\",\"4\":\"2\",\"3\":\"4\",\"2\":\"1\",\"1\":\"1\"}', '2025-09-02 00:52:14', '2025-09-02 00:52:14'),
(240, 42075639, '{\"6\":\"4\",\"5\":\"2\",\"4\":\"2\",\"3\":\"4\",\"2\":\"1\",\"1\":\"2\"}', '2025-09-02 00:52:28', '2025-09-02 00:52:28'),
(241, 42075639, '{\"6\":\"4\",\"5\":\"2\",\"4\":\"2\",\"3\":\"3\",\"2\":\"2\",\"1\":\"2\"}', '2025-09-02 00:52:54', '2025-09-02 00:52:54'),
(242, 42075639, '{\"6\":\"4\",\"5\":\"2\",\"4\":\"2\",\"3\":\"3\",\"2\":\"1\",\"1\":\"2\"}', '2025-09-02 00:53:05', '2025-09-02 00:53:05'),
(243, 42075639, '{\"6\":\"4\",\"5\":\"2\",\"4\":\"2\",\"3\":\"2\",\"2\":\"1\",\"1\":\"2\"}', '2025-09-02 00:53:23', '2025-09-02 00:53:23'),
(244, 42075639, '{\"6\":\"4\",\"5\":\"2\",\"4\":\"2\",\"3\":\"2\",\"2\":\"2\",\"1\":\"2\"}', '2025-09-02 00:53:29', '2025-09-02 00:53:29'),
(245, 42075639, '{\"6\":\"4\",\"5\":\"2\",\"4\":\"2\",\"3\":\"1\",\"2\":\"2\",\"1\":\"2\"}', '2025-09-02 00:53:40', '2025-09-02 00:53:40'),
(246, 42075639, '{\"6\":\"4\",\"5\":\"2\",\"4\":\"2\",\"3\":\"1\",\"2\":\"1\",\"1\":\"2\"}', '2025-09-02 00:53:49', '2025-09-02 00:53:49'),
(247, 42075639, '{\"6\":\"4\",\"5\":\"2\",\"4\":\"1\",\"3\":\"7\",\"2\":\"1\",\"1\":\"2\"}', '2025-09-02 00:54:29', '2025-09-02 00:54:29'),
(248, 42075639, '{\"6\":\"4\",\"5\":\"2\",\"4\":\"1\",\"3\":\"7\",\"2\":\"2\",\"1\":\"2\"}', '2025-09-02 00:54:44', '2025-09-02 00:54:44'),
(249, 42075639, '{\"6\":\"4\",\"5\":\"2\",\"4\":\"1\",\"3\":\"6\",\"2\":\"2\",\"1\":\"2\"}', '2025-09-02 00:56:21', '2025-09-02 00:56:21'),
(250, 42075639, '{\"6\":\"4\",\"5\":\"2\",\"4\":\"1\",\"3\":\"6\",\"2\":\"1\",\"1\":\"2\"}', '2025-09-02 00:56:28', '2025-09-02 00:56:28'),
(251, 42075639, '{\"6\":\"4\",\"5\":\"2\",\"4\":\"1\",\"3\":\"5\",\"2\":\"1\",\"1\":\"2\"}', '2025-09-02 00:56:36', '2025-09-02 00:56:36'),
(252, 42075639, '{\"6\":\"4\",\"5\":\"2\",\"4\":\"1\",\"3\":\"5\",\"2\":\"2\",\"1\":\"2\"}', '2025-09-02 00:56:43', '2025-09-02 00:56:43'),
(253, 42075639, '{\"6\":\"4\",\"5\":\"2\",\"4\":\"1\",\"3\":\"4\",\"2\":\"2\",\"1\":\"2\"}', '2025-09-02 00:57:13', '2025-09-02 00:57:13'),
(254, 42075639, '{\"6\":\"4\",\"5\":\"2\",\"4\":\"1\",\"3\":\"4\",\"2\":\"1\",\"1\":\"2\"}', '2025-09-02 00:57:29', '2025-09-02 00:57:29'),
(255, 42075639, '{\"6\":\"4\",\"5\":\"2\",\"4\":\"1\",\"3\":\"3\",\"2\":\"1\",\"1\":\"2\"}', '2025-09-02 00:57:49', '2025-09-02 00:57:49'),
(256, 42075639, '{\"6\":\"4\",\"5\":\"2\",\"4\":\"1\",\"3\":\"3\",\"2\":\"2\",\"1\":\"2\"}', '2025-09-02 00:58:00', '2025-09-02 00:58:00'),
(257, 42075639, '{\"6\":\"4\",\"5\":\"2\",\"4\":\"1\",\"3\":\"2\",\"2\":\"2\",\"1\":\"2\"}', '2025-09-02 00:58:11', '2025-09-02 00:58:11'),
(258, 42075639, '{\"6\":\"4\",\"5\":\"2\",\"4\":\"1\",\"3\":\"2\",\"2\":\"1\",\"1\":\"2\"}', '2025-09-02 00:58:18', '2025-09-02 00:58:18'),
(259, 42075639, '{\"6\":\"4\",\"5\":\"2\",\"4\":\"1\",\"3\":\"1\",\"2\":\"1\",\"1\":\"2\"}', '2025-09-02 00:58:29', '2025-09-02 00:58:29'),
(260, 42075639, '{\"6\":\"4\",\"5\":\"2\",\"4\":\"1\",\"3\":\"1\",\"2\":\"2\",\"1\":\"2\"}', '2025-09-02 00:58:35', '2025-09-02 00:58:35'),
(261, 42075639, '{\"6\":\"4\",\"5\":\"3\",\"4\":\"2\",\"3\":\"9\",\"2\":\"1\",\"1\":\"2\"}', '2025-09-02 01:00:11', '2025-09-02 01:00:11'),
(262, 42075639, '{\"6\":\"4\",\"5\":\"3\",\"4\":\"2\",\"3\":\"7\",\"2\":\"2\",\"1\":\"2\"}', '2025-09-02 01:00:39', '2025-09-02 01:00:39'),
(263, 42075639, '{\"6\":\"4\",\"5\":\"3\",\"4\":\"2\",\"3\":\"6\",\"2\":\"2\",\"1\":\"2\"}', '2025-09-02 01:00:54', '2025-09-02 01:00:54'),
(264, 42075639, '{\"6\":\"4\",\"5\":\"3\",\"4\":\"2\",\"3\":\"6\",\"2\":\"1\",\"1\":\"2\"}', '2025-09-02 01:01:04', '2025-09-02 01:01:04'),
(265, 42075639, '{\"6\":\"4\",\"5\":\"3\",\"4\":\"2\",\"3\":\"5\",\"2\":\"1\",\"1\":\"2\"}', '2025-09-02 01:01:15', '2025-09-02 01:01:15'),
(266, 42075639, '{\"6\":\"4\",\"5\":\"3\",\"4\":\"2\",\"3\":\"4\",\"2\":\"1\",\"1\":\"2\"}', '2025-09-02 01:01:45', '2025-09-02 01:01:45'),
(267, 42075639, '{\"6\":\"4\",\"5\":\"3\",\"4\":\"2\",\"3\":\"4\",\"2\":\"2\",\"1\":\"2\"}', '2025-09-02 01:01:54', '2025-09-02 01:01:54'),
(268, 42075639, '{\"6\":\"4\",\"5\":\"3\",\"4\":\"2\",\"3\":\"3\",\"2\":\"2\",\"1\":\"2\"}', '2025-09-02 01:02:28', '2025-09-02 01:02:28'),
(269, 42075639, '{\"6\":\"4\",\"5\":\"3\",\"4\":\"2\",\"3\":\"3\",\"2\":\"1\",\"1\":\"2\"}', '2025-09-02 01:02:36', '2025-09-02 01:02:36'),
(270, 42075639, '{\"6\":\"4\",\"5\":\"3\",\"4\":\"2\",\"3\":\"1\",\"2\":\"1\",\"1\":\"2\"}', '2025-09-02 01:03:03', '2025-09-02 01:03:03'),
(271, 42075639, '{\"6\":\"4\",\"5\":\"3\",\"4\":\"2\",\"3\":\"1\",\"2\":\"2\",\"1\":\"2\"}', '2025-09-02 01:03:12', '2025-09-02 01:03:12'),
(272, 42075639, '{\"6\":\"4\",\"5\":\"3\",\"4\":\"1\",\"3\":\"9\",\"2\":\"2\",\"1\":\"2\"}', '2025-09-02 01:03:42', '2025-09-02 01:03:42'),
(273, 42075639, '{\"6\":\"4\",\"5\":\"3\",\"4\":\"1\",\"3\":\"9\",\"2\":\"1\",\"1\":\"2\"}', '2025-09-02 01:03:48', '2025-09-02 01:03:48'),
(274, 42075639, '{\"6\":\"4\",\"5\":\"3\",\"4\":\"1\",\"3\":\"8\",\"2\":\"1\",\"1\":\"2\"}', '2025-09-02 01:04:08', '2025-09-02 01:04:08'),
(275, 42075639, '{\"6\":\"4\",\"5\":\"3\",\"4\":\"1\",\"3\":\"8\",\"2\":\"2\",\"1\":\"2\"}', '2025-09-02 01:04:17', '2025-09-02 01:04:17'),
(276, 42075639, '{\"6\":\"4\",\"5\":\"3\",\"4\":\"1\",\"3\":\"7\",\"2\":\"2\",\"1\":\"2\"}', '2025-09-02 01:04:43', '2025-09-02 01:04:43'),
(277, 42075639, '{\"6\":\"4\",\"5\":\"3\",\"4\":\"1\",\"3\":\"7\",\"2\":\"1\",\"1\":\"2\"}', '2025-09-02 01:04:51', '2025-09-02 01:04:51'),
(278, 42075639, '{\"6\":\"4\",\"5\":\"3\",\"4\":\"1\",\"3\":\"6\",\"2\":\"1\",\"1\":\"2\"}', '2025-09-02 01:05:09', '2025-09-02 01:05:09'),
(279, 42075639, '{\"6\":\"4\",\"5\":\"3\",\"4\":\"1\",\"3\":\"6\",\"2\":\"2\",\"1\":\"2\"}', '2025-09-02 01:05:17', '2025-09-02 01:05:17'),
(280, 42075639, '{\"6\":\"4\",\"5\":\"3\",\"4\":\"1\",\"3\":\"5\",\"2\":\"2\",\"1\":\"2\"}', '2025-09-02 01:05:33', '2025-09-02 01:05:33'),
(281, 42075639, '{\"6\":\"4\",\"5\":\"3\",\"4\":\"1\",\"3\":\"5\",\"2\":\"1\",\"1\":\"2\"}', '2025-09-02 01:05:41', '2025-09-02 01:05:41'),
(282, 42075639, '{\"6\":\"4\",\"5\":\"3\",\"4\":\"1\",\"3\":\"4\",\"2\":\"1\",\"1\":\"2\"}', '2025-09-02 01:06:28', '2025-09-02 01:06:28'),
(283, 42075639, '{\"6\":\"4\",\"5\":\"3\",\"4\":\"1\",\"3\":\"4\",\"2\":\"2\",\"1\":\"2\"}', '2025-09-02 01:06:35', '2025-09-02 01:06:35'),
(284, 42075639, '{\"6\":\"4\",\"5\":\"3\",\"4\":\"1\",\"3\":\"3\",\"2\":\"2\",\"1\":\"2\"}', '2025-09-02 01:07:02', '2025-09-02 01:07:02'),
(285, 42075639, '{\"6\":\"4\",\"5\":\"3\",\"4\":\"1\",\"3\":\"3\",\"2\":\"1\",\"1\":\"2\"}', '2025-09-02 01:07:09', '2025-09-02 01:07:09'),
(286, 42075639, '{\"6\":\"4\",\"5\":\"3\",\"4\":\"1\",\"3\":\"2\",\"2\":\"1\",\"1\":\"2\"}', '2025-09-02 01:07:17', '2025-09-02 01:07:17'),
(287, 42075639, '{\"6\":\"4\",\"5\":\"3\",\"4\":\"1\",\"3\":\"2\",\"2\":\"2\",\"1\":\"2\"}', '2025-09-02 01:07:24', '2025-09-02 01:07:24'),
(288, 42075639, '{\"6\":\"4\",\"5\":\"3\",\"4\":\"1\",\"3\":\"1\",\"2\":\"2\",\"1\":\"2\"}', '2025-09-02 01:07:49', '2025-09-02 01:07:49'),
(289, 42075639, '{\"6\":\"4\",\"5\":\"3\",\"4\":\"1\",\"3\":\"1\",\"2\":\"1\",\"1\":\"2\"}', '2025-09-02 01:07:57', '2025-09-02 01:07:57'),
(290, 42075639, '{\"6\":\"4\",\"5\":\"4\",\"4\":\"2\",\"3\":\"9\",\"2\":\"2\",\"1\":\"2\"}', '2025-09-02 01:08:32', '2025-09-02 01:08:32'),
(291, 42075639, '{\"6\":\"4\",\"5\":\"4\",\"4\":\"2\",\"3\":\"9\",\"2\":\"1\",\"1\":\"2\"}', '2025-09-02 01:08:40', '2025-09-02 01:08:40'),
(292, 42075639, '{\"6\":\"4\",\"5\":\"4\",\"4\":\"2\",\"3\":\"8\",\"2\":\"1\",\"1\":\"2\"}', '2025-09-02 01:09:16', '2025-09-02 01:09:16'),
(293, 42075639, '{\"6\":\"4\",\"5\":\"4\",\"4\":\"2\",\"3\":\"7\",\"2\":\"2\",\"1\":\"2\"}', '2025-09-02 01:09:40', '2025-09-02 01:09:40'),
(294, 42075639, '{\"6\":\"4\",\"5\":\"4\",\"4\":\"2\",\"3\":\"7\",\"2\":\"1\",\"1\":\"2\"}', '2025-09-02 01:09:48', '2025-09-02 01:09:48'),
(295, 42075639, '{\"6\":\"4\",\"5\":\"4\",\"4\":\"2\",\"3\":\"6\",\"2\":\"1\",\"1\":\"2\"}', '2025-09-02 01:09:58', '2025-09-02 01:09:58'),
(296, 42075639, '{\"6\":\"4\",\"5\":\"4\",\"4\":\"2\",\"3\":\"6\",\"2\":\"2\",\"1\":\"2\"}', '2025-09-02 01:10:14', '2025-09-02 01:10:14'),
(297, 42075639, '{\"6\":\"4\",\"5\":\"4\",\"4\":\"2\",\"3\":\"4\",\"2\":\"2\",\"1\":\"2\"}', '2025-09-02 01:10:44', '2025-09-02 01:10:44'),
(298, 42075639, '{\"6\":\"4\",\"5\":\"4\",\"4\":\"2\",\"3\":\"4\",\"2\":\"1\",\"1\":\"2\"}', '2025-09-02 01:10:52', '2025-09-02 01:10:52'),
(299, 42075639, '{\"6\":\"4\",\"5\":\"4\",\"4\":\"2\",\"3\":\"3\",\"2\":\"1\",\"1\":\"2\"}', '2025-09-02 01:11:21', '2025-09-02 01:11:21'),
(300, 42075639, '{\"6\":\"4\",\"5\":\"4\",\"4\":\"2\",\"3\":\"3\",\"2\":\"2\",\"1\":\"2\"}', '2025-09-02 01:11:30', '2025-09-02 01:11:30'),
(301, 42075639, '{\"6\":\"4\",\"5\":\"4\",\"4\":\"1\",\"3\":\"9\",\"2\":\"2\",\"1\":\"2\"}', '2025-09-02 01:11:59', '2025-09-02 01:11:59'),
(302, 42075639, '{\"6\":\"4\",\"5\":\"4\",\"4\":\"1\",\"3\":\"9\",\"2\":\"1\",\"1\":\"2\"}', '2025-09-02 01:12:29', '2025-09-02 01:12:29'),
(303, 42075639, '{\"6\":\"4\",\"5\":\"4\",\"4\":\"1\",\"3\":\"7\",\"2\":\"1\",\"1\":\"2\"}', '2025-09-02 01:12:57', '2025-09-02 01:12:57'),
(304, 42075639, '{\"6\":\"4\",\"5\":\"4\",\"4\":\"1\",\"3\":\"7\",\"2\":\"2\",\"1\":\"2\"}', '2025-09-02 01:13:05', '2025-09-02 01:13:05'),
(305, 42075639, '{\"6\":\"4\",\"5\":\"4\",\"4\":\"1\",\"3\":\"6\",\"2\":\"2\",\"1\":\"2\"}', '2025-09-02 01:13:13', '2025-09-02 01:13:13'),
(306, 42075639, '{\"6\":\"4\",\"5\":\"4\",\"4\":\"1\",\"3\":\"6\",\"2\":\"1\",\"1\":\"2\"}', '2025-09-02 01:13:23', '2025-09-02 01:13:23'),
(307, 42075639, '{\"6\":\"4\",\"5\":\"4\",\"4\":\"1\",\"3\":\"4\",\"2\":\"1\",\"1\":\"2\"}', '2025-09-02 01:13:38', '2025-09-02 01:13:38'),
(308, 42075639, '{\"6\":\"4\",\"5\":\"4\",\"4\":\"1\",\"3\":\"4\",\"2\":\"2\",\"1\":\"2\"}', '2025-09-02 01:13:47', '2025-09-02 01:13:47'),
(309, 42075639, '{\"6\":\"4\",\"5\":\"4\",\"4\":\"1\",\"3\":\"3\",\"2\":\"2\",\"1\":\"2\"}', '2025-09-02 01:14:12', '2025-09-02 01:14:12'),
(310, 42075639, '{\"6\":\"4\",\"5\":\"4\",\"4\":\"1\",\"3\":\"3\",\"2\":\"2\",\"1\":\"2\"}', '2025-09-02 01:14:31', '2025-09-02 01:14:31'),
(311, 42075639, '{\"6\":\"4\",\"5\":\"4\",\"4\":\"1\",\"3\":\"3\",\"2\":\"1\",\"1\":\"2\"}', '2025-09-02 01:14:37', '2025-09-02 01:14:37'),
(312, 42075639, '{\"6\":\"3\",\"5\":\"3\",\"4\":\"2\",\"3\":\"9\",\"2\":\"2\",\"1\":\"2\"}', '2025-09-02 01:15:53', '2025-09-02 01:15:53'),
(313, 42075639, '{\"6\":\"3\",\"5\":\"3\",\"4\":\"2\",\"3\":\"9\",\"2\":\"1\",\"1\":\"2\"}', '2025-09-02 01:16:16', '2025-09-02 01:16:16'),
(314, 42075639, '{\"6\":\"3\",\"5\":\"3\",\"4\":\"2\",\"3\":\"7\",\"2\":\"1\",\"1\":\"2\"}', '2025-09-02 01:16:30', '2025-09-02 01:16:30'),
(315, 42075639, '{\"6\":\"3\",\"5\":\"3\",\"4\":\"2\",\"3\":\"7\",\"2\":\"2\",\"1\":\"2\"}', '2025-09-02 01:16:37', '2025-09-02 01:16:37'),
(316, 42075639, '{\"6\":\"3\",\"5\":\"3\",\"4\":\"2\",\"3\":\"6\",\"2\":\"2\",\"1\":\"2\"}', '2025-09-02 01:17:00', '2025-09-02 01:17:00'),
(317, 42075639, '{\"6\":\"3\",\"5\":\"3\",\"4\":\"2\",\"3\":\"6\",\"2\":\"1\",\"1\":\"2\"}', '2025-09-02 01:17:13', '2025-09-02 01:17:13'),
(318, 42075639, '{\"6\":\"3\",\"5\":\"3\",\"4\":\"2\",\"3\":\"5\",\"2\":\"1\",\"1\":\"2\"}', '2025-09-02 01:17:32', '2025-09-02 01:17:32'),
(319, 42075639, '{\"6\":\"3\",\"5\":\"3\",\"4\":\"2\",\"3\":\"5\",\"2\":\"2\",\"1\":\"2\"}', '2025-09-02 01:17:41', '2025-09-02 01:17:41'),
(320, 42075639, '{\"6\":\"3\",\"5\":\"3\",\"4\":\"2\",\"3\":\"4\",\"2\":\"2\",\"1\":\"2\"}', '2025-09-02 01:17:55', '2025-09-02 01:17:55'),
(321, 42075639, '{\"6\":\"3\",\"5\":\"3\",\"4\":\"2\",\"3\":\"4\",\"2\":\"1\",\"1\":\"2\"}', '2025-09-02 01:18:07', '2025-09-02 01:18:07'),
(322, 42075639, '{\"6\":\"3\",\"5\":\"3\",\"4\":\"2\",\"3\":\"3\",\"2\":\"1\",\"1\":\"2\"}', '2025-09-02 01:19:26', '2025-09-02 01:19:26'),
(323, 42075639, '{\"6\":\"3\",\"5\":\"3\",\"4\":\"2\",\"3\":\"3\",\"2\":\"2\",\"1\":\"2\"}', '2025-09-02 01:19:33', '2025-09-02 01:19:33'),
(324, 42075639, '{\"6\":\"3\",\"5\":\"3\",\"4\":\"2\",\"3\":\"2\",\"2\":\"2\",\"1\":\"2\"}', '2025-09-02 01:20:03', '2025-09-02 01:20:03'),
(325, 42075639, '{\"6\":\"3\",\"5\":\"3\",\"4\":\"2\",\"3\":\"2\",\"2\":\"1\",\"1\":\"2\"}', '2025-09-02 01:20:15', '2025-09-02 01:20:15'),
(326, 42075639, '{\"6\":\"3\",\"5\":\"3\",\"4\":\"2\",\"3\":\"1\",\"2\":\"1\",\"1\":\"2\"}', '2025-09-02 01:20:33', '2025-09-02 01:20:33'),
(327, 42075639, '{\"6\":\"3\",\"5\":\"3\",\"4\":\"2\",\"3\":\"1\",\"2\":\"2\",\"1\":\"2\"}', '2025-09-02 01:20:47', '2025-09-02 01:20:47'),
(328, 42075639, '{\"6\":\"3\",\"5\":\"3\",\"4\":\"1\",\"3\":\"9\",\"2\":\"2\",\"1\":\"2\"}', '2025-09-02 01:21:18', '2025-09-02 01:21:18'),
(329, 42075639, '{\"6\":\"3\",\"5\":\"3\",\"4\":\"1\",\"3\":\"9\",\"2\":\"1\",\"1\":\"2\"}', '2025-09-02 01:21:26', '2025-09-02 01:21:26'),
(330, 42075639, '{\"6\":\"3\",\"5\":\"3\",\"4\":\"1\",\"3\":\"7\",\"2\":\"1\",\"1\":\"2\"}', '2025-09-02 01:21:57', '2025-09-02 01:21:57'),
(331, 42075639, '{\"6\":\"3\",\"5\":\"3\",\"4\":\"1\",\"3\":\"7\",\"2\":\"2\",\"1\":\"2\"}', '2025-09-02 01:22:05', '2025-09-02 01:22:05'),
(332, 42075639, '{\"6\":\"3\",\"5\":\"3\",\"4\":\"1\",\"3\":\"6\",\"2\":\"2\",\"1\":\"2\"}', '2025-09-02 01:22:20', '2025-09-02 01:22:20'),
(333, 42075639, '{\"6\":\"3\",\"5\":\"3\",\"4\":\"1\",\"3\":\"6\",\"2\":\"1\",\"1\":\"2\"}', '2025-09-02 01:22:29', '2025-09-02 01:22:29'),
(334, 42075639, '{\"6\":\"3\",\"5\":\"3\",\"4\":\"1\",\"3\":\"5\",\"2\":\"1\",\"1\":\"2\"}', '2025-09-02 01:22:50', '2025-09-02 01:22:50'),
(335, 42075639, '{\"6\":\"3\",\"5\":\"3\",\"4\":\"1\",\"3\":\"5\",\"2\":\"2\",\"1\":\"2\"}', '2025-09-02 01:23:19', '2025-09-02 01:23:19'),
(336, 42075639, '{\"6\":\"3\",\"5\":\"3\",\"4\":\"1\",\"3\":\"4\",\"2\":\"2\",\"1\":\"2\"}', '2025-09-02 01:23:33', '2025-09-02 01:23:33'),
(337, 42075639, '{\"6\":\"3\",\"5\":\"3\",\"4\":\"1\",\"3\":\"4\",\"2\":\"2\",\"1\":\"2\"}', '2025-09-02 01:24:52', '2025-09-02 01:24:52'),
(338, 42075639, '{\"6\":\"3\",\"5\":\"3\",\"4\":\"1\",\"3\":\"4\",\"2\":\"1\",\"1\":\"2\"}', '2025-09-02 01:24:59', '2025-09-02 01:24:59'),
(339, 42075639, '{\"6\":\"3\",\"5\":\"3\",\"4\":\"1\",\"3\":\"3\",\"2\":\"1\",\"1\":\"2\"}', '2025-09-02 01:25:10', '2025-09-02 01:25:10'),
(340, 42075639, '{\"6\":\"3\",\"5\":\"3\",\"4\":\"1\",\"3\":\"3\",\"2\":\"2\",\"1\":\"2\"}', '2025-09-02 01:25:17', '2025-09-02 01:25:17'),
(341, 42075639, '{\"6\":\"3\",\"5\":\"3\",\"4\":\"1\",\"3\":\"2\",\"2\":\"2\",\"1\":\"2\"}', '2025-09-02 01:25:38', '2025-09-02 01:25:38'),
(342, 42075639, '{\"6\":\"3\",\"5\":\"3\",\"4\":\"1\",\"3\":\"2\",\"2\":\"1\",\"1\":\"2\"}', '2025-09-02 01:25:46', '2025-09-02 01:25:46'),
(343, 42075639, '{\"6\":\"3\",\"5\":\"3\",\"4\":\"1\",\"3\":\"1\",\"2\":\"1\",\"1\":\"2\"}', '2025-09-02 01:25:59', '2025-09-02 01:25:59'),
(344, 42075639, '{\"6\":\"3\",\"5\":\"3\",\"4\":\"1\",\"3\":\"1\",\"2\":\"2\",\"1\":\"2\"}', '2025-09-02 01:26:05', '2025-09-02 01:26:05'),
(345, 42075639, '{\"6\":\"3\",\"5\":\"4\",\"4\":\"2\",\"3\":\"9\",\"2\":\"2\",\"1\":\"2\"}', '2025-09-02 01:26:23', '2025-09-02 01:26:23'),
(346, 42075639, '{\"6\":\"3\",\"5\":\"4\",\"4\":\"2\",\"3\":\"9\",\"2\":\"1\",\"1\":\"2\"}', '2025-09-02 01:26:50', '2025-09-02 01:26:50'),
(347, 42075639, '{\"6\":\"3\",\"5\":\"4\",\"4\":\"2\",\"3\":\"7\",\"2\":\"1\",\"1\":\"2\"}', '2025-09-02 01:27:21', '2025-09-02 01:27:21'),
(348, 42075639, '{\"6\":\"3\",\"5\":\"4\",\"4\":\"2\",\"3\":\"7\",\"2\":\"2\",\"1\":\"2\"}', '2025-09-02 01:27:29', '2025-09-02 01:27:29'),
(349, 42075639, '{\"6\":\"3\",\"5\":\"4\",\"4\":\"2\",\"3\":\"6\",\"2\":\"2\",\"1\":\"2\"}', '2025-09-02 01:27:55', '2025-09-02 01:27:55'),
(350, 42075639, '{\"6\":\"3\",\"5\":\"4\",\"4\":\"2\",\"3\":\"6\",\"2\":\"1\",\"1\":\"2\"}', '2025-09-02 01:28:06', '2025-09-02 01:28:06'),
(351, 42075639, '{\"6\":\"3\",\"5\":\"4\",\"4\":\"2\",\"3\":\"5\",\"2\":\"1\",\"1\":\"2\"}', '2025-09-02 01:33:42', '2025-09-02 01:33:42'),
(352, 42075639, '{\"6\":\"3\",\"5\":\"4\",\"4\":\"2\",\"3\":\"5\",\"2\":\"2\",\"1\":\"2\"}', '2025-09-02 01:33:50', '2025-09-02 01:33:50'),
(353, 42075639, '{\"6\":\"3\",\"5\":\"4\",\"4\":\"2\",\"3\":\"4\",\"2\":\"2\",\"1\":\"2\"}', '2025-09-02 01:34:07', '2025-09-02 01:34:07'),
(354, 42075639, '{\"6\":\"3\",\"5\":\"4\",\"4\":\"2\",\"3\":\"4\",\"2\":\"1\",\"1\":\"2\"}', '2025-09-02 01:34:14', '2025-09-02 01:34:14'),
(355, 42075639, '{\"6\":\"3\",\"5\":\"4\",\"4\":\"2\",\"3\":\"3\",\"2\":\"1\",\"1\":\"2\"}', '2025-09-02 01:34:26', '2025-09-02 01:34:26'),
(356, 42075639, '{\"6\":\"3\",\"5\":\"4\",\"4\":\"2\",\"3\":\"3\",\"2\":\"2\",\"1\":\"2\"}', '2025-09-02 01:34:45', '2025-09-02 01:34:45'),
(357, 42075639, '{\"6\":\"3\",\"5\":\"4\",\"4\":\"2\",\"3\":\"2\",\"2\":\"2\",\"1\":\"2\"}', '2025-09-02 01:35:07', '2025-09-02 01:35:07'),
(358, 42075639, '{\"6\":\"3\",\"5\":\"4\",\"4\":\"2\",\"3\":\"2\",\"2\":\"1\",\"1\":\"2\"}', '2025-09-02 01:35:14', '2025-09-02 01:35:14'),
(359, 42075639, '{\"6\":\"3\",\"5\":\"4\",\"4\":\"2\",\"3\":\"1\",\"2\":\"1\",\"1\":\"2\"}', '2025-09-02 01:35:27', '2025-09-02 01:35:27'),
(360, 42075639, '{\"6\":\"3\",\"5\":\"4\",\"4\":\"2\",\"3\":\"1\",\"2\":\"2\",\"1\":\"2\"}', '2025-09-02 01:35:35', '2025-09-02 01:35:35'),
(361, 42075639, '{\"6\":\"3\",\"5\":\"4\",\"4\":\"1\",\"3\":\"9\",\"2\":\"2\",\"1\":\"2\"}', '2025-09-02 01:35:49', '2025-09-02 01:35:49'),
(362, 42075639, '{\"6\":\"3\",\"5\":\"4\",\"4\":\"1\",\"3\":\"9\",\"2\":\"1\",\"1\":\"2\"}', '2025-09-02 01:35:59', '2025-09-02 01:35:59'),
(363, 42075639, '{\"6\":\"3\",\"5\":\"4\",\"4\":\"1\",\"3\":\"7\",\"2\":\"1\",\"1\":\"2\"}', '2025-09-02 01:36:13', '2025-09-02 01:36:13'),
(364, 42075639, '{\"6\":\"3\",\"5\":\"4\",\"4\":\"1\",\"3\":\"7\",\"2\":\"2\",\"1\":\"2\"}', '2025-09-02 01:36:21', '2025-09-02 01:36:21'),
(365, 42075639, '{\"6\":\"3\",\"5\":\"4\",\"4\":\"1\",\"3\":\"6\",\"2\":\"2\",\"1\":\"2\"}', '2025-09-02 01:36:32', '2025-09-02 01:36:32'),
(366, 42075639, '{\"6\":\"3\",\"5\":\"4\",\"4\":\"1\",\"3\":\"6\",\"2\":\"1\",\"1\":\"2\"}', '2025-09-02 01:36:39', '2025-09-02 01:36:39'),
(367, 42075639, '{\"6\":\"3\",\"5\":\"4\",\"4\":\"1\",\"3\":\"5\",\"2\":\"1\",\"1\":\"2\"}', '2025-09-02 01:36:56', '2025-09-02 01:36:56');
INSERT INTO `tb_consultation` (`id_consultation`, `id_users`, `consultation`, `created_at`, `updated_at`) VALUES
(368, 42075639, '{\"6\":\"3\",\"5\":\"4\",\"4\":\"1\",\"3\":\"5\",\"2\":\"1\",\"1\":\"2\"}', '2025-09-02 01:38:11', '2025-09-02 01:38:11'),
(369, 42075639, '{\"6\":\"3\",\"5\":\"4\",\"4\":\"1\",\"3\":\"4\",\"2\":\"1\",\"1\":\"2\"}', '2025-09-02 01:38:21', '2025-09-02 01:38:21'),
(370, 42075639, '{\"6\":\"3\",\"5\":\"4\",\"4\":\"1\",\"3\":\"4\",\"2\":\"2\",\"1\":\"2\"}', '2025-09-02 01:38:27', '2025-09-02 01:38:27'),
(371, 42075639, '{\"6\":\"3\",\"5\":\"4\",\"4\":\"1\",\"3\":\"3\",\"2\":\"2\",\"1\":\"2\"}', '2025-09-02 01:38:36', '2025-09-02 01:38:36'),
(372, 42075639, '{\"6\":\"2\",\"5\":\"1\",\"4\":\"2\",\"3\":\"8\",\"2\":\"2\",\"1\":\"3\"}', '2025-09-02 01:39:53', '2025-09-02 01:39:53'),
(373, 42075639, '{\"6\":\"2\",\"5\":\"1\",\"4\":\"2\",\"3\":\"7\",\"2\":\"2\",\"1\":\"3\"}', '2025-09-02 01:40:09', '2025-09-02 01:40:09'),
(374, 42075639, '{\"6\":\"2\",\"5\":\"1\",\"4\":\"2\",\"3\":\"6\",\"2\":\"2\",\"1\":\"3\"}', '2025-09-02 01:40:19', '2025-09-02 01:40:19'),
(375, 42075639, '{\"6\":\"2\",\"5\":\"1\",\"4\":\"2\",\"3\":\"5\",\"2\":\"2\",\"1\":\"3\"}', '2025-09-02 01:41:24', '2025-09-02 01:41:24'),
(376, 42075639, '{\"6\":\"2\",\"5\":\"1\",\"4\":\"2\",\"3\":\"4\",\"2\":\"2\",\"1\":\"3\"}', '2025-09-02 01:41:34', '2025-09-02 01:41:34'),
(377, 42075639, '{\"6\":\"2\",\"5\":\"1\",\"4\":\"2\",\"3\":\"3\",\"2\":\"2\",\"1\":\"3\"}', '2025-09-02 01:41:44', '2025-09-02 01:41:44'),
(378, 42075639, '{\"6\":\"2\",\"5\":\"1\",\"4\":\"2\",\"3\":\"2\",\"2\":\"2\",\"1\":\"3\"}', '2025-09-02 01:41:53', '2025-09-02 01:41:53'),
(379, 42075639, '{\"6\":\"2\",\"5\":\"1\",\"4\":\"1\",\"3\":\"2\",\"2\":\"2\",\"1\":\"3\"}', '2025-09-02 01:42:05', '2025-09-02 01:42:05'),
(380, 42075639, '{\"6\":\"2\",\"5\":\"2\",\"4\":\"2\",\"3\":\"2\",\"2\":\"2\",\"1\":\"3\"}', '2025-09-02 01:42:20', '2025-09-02 01:42:20'),
(381, 42075639, '{\"6\":\"2\",\"5\":\"2\",\"4\":\"2\",\"3\":\"7\",\"2\":\"2\",\"1\":\"3\"}', '2025-09-02 01:42:28', '2025-09-02 01:42:28'),
(382, 42075639, '{\"6\":\"2\",\"5\":\"2\",\"4\":\"1\",\"3\":\"7\",\"2\":\"2\",\"1\":\"3\"}', '2025-09-02 01:42:40', '2025-09-02 01:42:40'),
(383, 42075639, '{\"6\":\"2\",\"5\":\"3\",\"4\":\"1\",\"3\":\"7\",\"2\":\"2\",\"1\":\"3\"}', '2025-09-02 01:42:51', '2025-09-02 01:42:51'),
(384, 42075639, '{\"6\":\"2\",\"5\":\"3\",\"4\":\"2\",\"3\":\"7\",\"2\":\"2\",\"1\":\"3\"}', '2025-09-02 01:43:00', '2025-09-02 01:43:00'),
(385, 42075639, '{\"6\":\"2\",\"5\":\"4\",\"4\":\"2\",\"3\":\"7\",\"2\":\"2\",\"1\":\"3\"}', '2025-09-02 01:43:15', '2025-09-02 01:43:15'),
(386, 42075639, '{\"6\":\"1\",\"5\":\"4\",\"4\":\"2\",\"3\":\"7\",\"2\":\"2\",\"1\":\"3\"}', '2025-09-02 01:44:31', '2025-09-02 01:44:31'),
(387, 42075639, '{\"6\":\"3\",\"5\":\"2\",\"4\":\"2\",\"3\":\"7\",\"2\":\"2\",\"1\":\"2\"}', '2025-09-04 02:59:54', '2025-09-04 02:59:54'),
(388, 42075639, '{\"6\":\"3\",\"5\":\"3\",\"4\":\"2\",\"3\":\"3\",\"2\":\"1\",\"1\":\"3\"}', '2025-09-05 21:49:03', '2025-09-05 21:49:03'),
(389, 42075639, '{\"6\":\"3\",\"5\":\"3\",\"4\":\"1\",\"3\":\"3\",\"2\":\"1\",\"1\":\"3\"}', '2025-09-05 21:49:13', '2025-09-05 21:49:13'),
(390, 42075639, '{\"6\":\"3\",\"5\":\"3\",\"4\":\"1\",\"3\":\"3\",\"2\":\"2\",\"1\":\"3\"}', '2025-09-05 21:49:25', '2025-09-05 21:49:25'),
(391, 42075639, '{\"6\":\"4\",\"5\":\"2\",\"4\":\"1\",\"3\":\"8\",\"2\":\"2\",\"1\":\"1\"}', '2025-09-06 03:54:41', '2025-09-06 03:54:41'),
(392, 13694872, '{\"6\":\"3\",\"5\":\"2\",\"4\":\"2\",\"3\":\"9\",\"2\":\"2\",\"1\":\"2\"}', '2025-09-06 05:26:40', '2025-09-06 05:26:40'),
(393, 42075639, '{\"6\":\"4\",\"5\":\"2\",\"4\":\"1\",\"3\":\"8\",\"2\":\"2\",\"1\":\"1\"}', '2025-09-11 01:11:27', '2025-09-11 01:11:27'),
(394, 42075639, '{\"6\":\"4\",\"5\":\"2\",\"4\":\"1\",\"3\":\"4\",\"2\":\"2\",\"1\":\"1\"}', '2025-09-11 01:11:42', '2025-09-11 01:11:42'),
(395, 42075639, '{\"6\":\"4\",\"5\":\"1\",\"4\":\"1\",\"3\":\"8\",\"2\":\"2\",\"1\":\"1\"}', '2025-09-11 01:12:14', '2025-09-11 01:12:14'),
(396, 42075639, '{\"6\":\"4\",\"5\":\"3\",\"4\":\"1\",\"3\":\"8\",\"2\":\"2\",\"1\":\"1\"}', '2025-09-11 01:12:30', '2025-09-11 01:12:30'),
(397, 42075639, '{\"6\":\"4\",\"5\":\"4\",\"4\":\"1\",\"3\":\"8\",\"2\":\"2\",\"1\":\"1\"}', '2025-09-11 01:12:58', '2025-09-11 01:12:58'),
(398, 42075639, '{\"6\":\"4\",\"5\":\"3\",\"4\":\"2\",\"3\":\"8\",\"2\":\"2\",\"1\":\"1\"}', '2025-09-11 01:13:10', '2025-09-11 01:13:10'),
(399, 42075639, '{\"6\":\"1\",\"5\":\"4\",\"4\":\"1\",\"3\":\"8\",\"2\":\"1\",\"1\":\"3\"}', '2025-09-11 01:21:37', '2025-09-11 01:21:37'),
(400, 87816432, '{\"6\":\"4\",\"5\":\"2\",\"4\":\"1\",\"3\":\"8\",\"2\":\"2\",\"1\":\"1\"}', '2025-09-11 07:01:56', '2025-09-11 07:01:56'),
(401, 42075639, '{\"6\":\"4\",\"5\":\"3\",\"4\":\"1\",\"3\":\"8\",\"2\":\"2\",\"1\":\"3\"}', '2025-09-20 17:06:32', '2025-09-20 17:06:32'),
(402, 59075213, '{\"6\":\"4\",\"5\":\"3\",\"4\":\"2\",\"3\":\"7\",\"2\":\"1\",\"1\":\"2\"}', '2025-09-22 11:31:32', '2025-09-22 11:31:32'),
(403, 91204873, '{\"6\":\"3\",\"5\":\"4\",\"4\":\"1\",\"3\":\"9\",\"2\":\"2\",\"1\":\"3\"}', '2025-09-22 17:26:39', '2025-09-22 17:26:39'),
(404, 89804153, '{\"6\":\"1\",\"5\":\"4\",\"4\":\"1\",\"3\":\"7\",\"2\":\"1\",\"1\":\"1\"}', '2025-09-23 05:47:38', '2025-09-23 05:47:38'),
(405, 89804153, '{\"6\":\"4\",\"5\":\"3\",\"4\":\"2\",\"3\":\"7\",\"2\":\"2\",\"1\":\"2\"}', '2025-09-23 05:52:46', '2025-09-23 05:52:46'),
(406, 89804153, '{\"6\":\"1\",\"5\":\"2\",\"4\":\"1\",\"3\":\"8\",\"2\":\"1\",\"1\":\"1\"}', '2025-09-23 06:00:20', '2025-09-23 06:00:20');

-- --------------------------------------------------------

--
-- Table structure for table `tb_criteria`
--

CREATE TABLE `tb_criteria` (
  `id_criteria` int(11) NOT NULL,
  `nama` varchar(255) DEFAULT NULL,
  `created_at` timestamp NOT NULL DEFAULT current_timestamp(),
  `updated_at` timestamp NOT NULL DEFAULT current_timestamp() ON UPDATE current_timestamp()
) ENGINE=InnoDB DEFAULT CHARSET=latin1 COLLATE=latin1_swedish_ci;

--
-- Dumping data for table `tb_criteria`
--

INSERT INTO `tb_criteria` (`id_criteria`, `nama`, `created_at`, `updated_at`) VALUES
(1, 'Umur', '2025-08-04 10:05:33', '2025-08-04 10:05:33'),
(2, 'Jenis Kelamin', '2025-08-04 10:05:44', '2025-08-04 10:05:44'),
(3, 'Riwayat Penyakit ', '2025-08-04 10:05:55', '2025-08-04 10:05:55'),
(4, 'Lama Menderita Hipertensi', '2025-08-04 10:06:09', '2025-08-04 10:06:09'),
(5, 'IMT (Indeks Masa Tubuh)', '2025-08-04 10:06:23', '2025-08-04 10:06:38'),
(6, 'Tekanan Darah', '2025-08-04 10:06:51', '2025-08-04 10:06:51');

-- --------------------------------------------------------

--
-- Table structure for table `tb_criteria_sub`
--

CREATE TABLE `tb_criteria_sub` (
  `id_criteria_sub` int(11) NOT NULL,
  `id_criteria` int(11) NOT NULL,
  `nama` varchar(255) DEFAULT NULL,
  `nilai` int(11) DEFAULT NULL,
  `created_at` timestamp NOT NULL DEFAULT current_timestamp(),
  `updated_at` timestamp NOT NULL DEFAULT current_timestamp() ON UPDATE current_timestamp()
) ENGINE=InnoDB DEFAULT CHARSET=latin1 COLLATE=latin1_swedish_ci;

--
-- Dumping data for table `tb_criteria_sub`
--

INSERT INTO `tb_criteria_sub` (`id_criteria_sub`, `id_criteria`, `nama`, `nilai`, `created_at`, `updated_at`) VALUES
(1, 2, 'Laki - laki', 1, '2025-08-04 10:09:05', '2025-08-04 10:09:05'),
(2, 2, 'Perempuan', 2, '2025-08-04 10:09:16', '2025-08-04 10:09:16'),
(3, 3, 'Asam Urat', 1, '2025-08-04 10:10:26', '2025-08-04 10:10:26'),
(4, 3, 'Diabetes', 2, '2025-08-04 10:10:42', '2025-08-04 10:10:42'),
(5, 3, 'Gagal Jantung', 3, '2025-08-04 10:21:03', '2025-08-04 10:21:03'),
(6, 3, 'Jantung Koroner', 4, '2025-08-04 10:21:44', '2025-08-04 10:21:44'),
(7, 3, 'Obesitas', 5, '2025-08-04 10:22:06', '2025-08-04 10:22:06'),
(8, 3, 'Osteoporosis', 6, '2025-08-04 10:22:35', '2025-08-04 10:22:35'),
(9, 3, 'Stroke', 7, '2025-08-04 10:22:54', '2025-08-04 10:22:54'),
(10, 3, 'Tidak', 8, '2025-08-04 10:23:13', '2025-08-04 10:23:13'),
(11, 6, 'Normal (&lt;120 - &lt;80)', 1, '2025-08-04 10:24:11', '2025-09-02 02:04:16'),
(12, 6, 'Pra-Hipertensi ( 120-139 atau 80-89)', 2, '2025-08-04 10:24:32', '2025-09-02 02:04:57'),
(13, 6, 'Hipertensi Stadium 1 (130 - 139 atau 80 - 89)', 3, '2025-08-04 10:24:54', '2025-09-02 02:05:33'),
(14, 6, 'Hipertensi Stadium 2 (>140 atau >90 )', 4, '2025-08-04 10:25:22', '2025-09-02 02:05:58'),
(15, 5, 'Underweight ', 1, '2025-08-04 10:26:38', '2025-09-20 17:03:14'),
(16, 5, 'Normal ', 2, '2025-08-04 10:26:56', '2025-09-20 17:03:27'),
(17, 5, 'Overweight ', 3, '2025-08-04 10:27:30', '2025-09-20 17:03:00'),
(18, 5, 'Obesitas ', 4, '2025-08-04 10:28:13', '2025-09-20 17:02:50'),
(19, 4, 'Kurang Dari 1 Tahun', 1, '2025-08-04 10:29:39', '2025-08-04 10:29:39'),
(20, 4, 'Lebih Dari 1 Tahun', 2, '2025-08-04 10:30:11', '2025-08-04 10:30:11'),
(21, 1, 'Lansia Muda (60 - 69 Tahun)', 1, '2025-08-04 10:31:46', '2025-08-06 01:30:32'),
(22, 1, 'Lansia Madya (70 - 79 Tahun)', 2, '2025-08-04 10:32:35', '2025-08-06 01:31:03'),
(23, 1, 'Lansia Tua (80 Tahun Keatas)', 3, '2025-08-04 10:33:06', '2025-08-06 01:31:44'),
(24, 3, 'Kolesterol', 9, '2025-08-04 21:45:21', '2025-08-04 21:45:21');

-- --------------------------------------------------------

--
-- Table structure for table `tb_datatraining`
--

CREATE TABLE `tb_datatraining` (
  `id_datatraining` int(11) NOT NULL,
  `id_classification` int(11) NOT NULL,
  `id_criteria` int(11) NOT NULL,
  `count` int(11) DEFAULT NULL,
  `nilai` int(11) DEFAULT NULL,
  `created_at` timestamp NOT NULL DEFAULT current_timestamp(),
  `updated_at` timestamp NOT NULL DEFAULT current_timestamp() ON UPDATE current_timestamp()
) ENGINE=InnoDB DEFAULT CHARSET=latin1 COLLATE=latin1_swedish_ci;

--
-- Dumping data for table `tb_datatraining`
--

INSERT INTO `tb_datatraining` (`id_datatraining`, `id_classification`, `id_criteria`, `count`, `nilai`, `created_at`, `updated_at`) VALUES
(1, 1, 6, 0, 3, '2025-08-04 10:43:08', '2025-08-04 10:43:08'),
(2, 1, 5, 0, 3, '2025-08-04 10:43:08', '2025-08-04 10:43:08'),
(3, 1, 4, 0, 2, '2025-08-04 10:43:08', '2025-08-04 10:43:08'),
(4, 1, 3, 0, 8, '2025-08-04 10:43:08', '2025-08-04 10:43:08'),
(5, 1, 2, 0, 2, '2025-08-04 10:43:08', '2025-08-04 10:43:08'),
(6, 1, 1, 0, 1, '2025-08-04 10:43:08', '2025-08-04 10:43:08'),
(7, 1, 6, 1, 3, '2025-08-04 13:43:22', '2025-08-04 13:43:22'),
(8, 1, 5, 1, 2, '2025-08-04 13:43:22', '2025-08-04 13:43:22'),
(9, 1, 4, 1, 2, '2025-08-04 13:43:22', '2025-08-04 13:43:22'),
(10, 1, 3, 1, 8, '2025-08-04 13:43:22', '2025-08-04 13:43:22'),
(11, 1, 2, 1, 2, '2025-08-04 13:43:22', '2025-08-04 13:43:22'),
(12, 1, 1, 1, 1, '2025-08-04 13:43:22', '2025-08-04 13:43:22'),
(13, 4, 6, 0, 3, '2025-08-04 13:47:17', '2025-08-04 13:47:17'),
(14, 4, 5, 0, 2, '2025-08-04 13:47:17', '2025-08-04 13:47:17'),
(15, 4, 4, 0, 2, '2025-08-04 13:47:17', '2025-08-04 13:47:17'),
(16, 4, 3, 0, 8, '2025-08-04 13:47:17', '2025-08-04 13:47:17'),
(17, 4, 2, 0, 1, '2025-08-04 13:47:17', '2025-08-04 13:47:17'),
(18, 4, 1, 0, 2, '2025-08-04 13:47:17', '2025-08-04 13:47:17'),
(19, 2, 6, 0, 4, '2025-08-04 13:49:47', '2025-08-04 13:49:47'),
(20, 2, 5, 0, 2, '2025-08-04 13:49:47', '2025-08-04 13:49:47'),
(21, 2, 4, 0, 2, '2025-08-04 13:49:47', '2025-08-04 13:49:47'),
(22, 2, 3, 0, 8, '2025-08-04 13:49:47', '2025-08-04 13:49:47'),
(23, 2, 2, 0, 2, '2025-08-04 13:49:47', '2025-08-04 13:49:47'),
(24, 2, 1, 0, 1, '2025-08-04 13:49:47', '2025-08-04 13:49:47'),
(25, 4, 6, 1, 3, '2025-08-04 13:53:23', '2025-08-04 13:53:23'),
(26, 4, 5, 1, 2, '2025-08-04 13:53:23', '2025-08-04 13:53:23'),
(27, 4, 4, 1, 2, '2025-08-04 13:53:23', '2025-08-04 13:53:23'),
(28, 4, 3, 1, 8, '2025-08-04 13:53:23', '2025-08-04 13:53:23'),
(29, 4, 2, 1, 2, '2025-08-04 13:53:23', '2025-08-04 13:53:23'),
(30, 4, 1, 1, 2, '2025-08-04 13:53:23', '2025-08-04 13:53:23'),
(31, 2, 6, 1, 3, '2025-08-04 21:46:13', '2025-08-04 21:46:13'),
(32, 2, 5, 1, 2, '2025-08-04 21:46:13', '2025-08-04 21:46:13'),
(33, 2, 4, 1, 2, '2025-08-04 21:46:13', '2025-08-04 21:46:13'),
(34, 2, 3, 1, 9, '2025-08-04 21:46:13', '2025-08-04 21:46:13'),
(35, 2, 2, 1, 2, '2025-08-04 21:46:13', '2025-08-04 21:46:13'),
(36, 2, 1, 1, 1, '2025-08-04 21:46:13', '2025-08-04 21:46:13'),
(37, 3, 6, 0, 4, '2025-08-04 21:55:42', '2025-08-04 21:55:42'),
(38, 3, 5, 0, 3, '2025-08-04 21:55:42', '2025-08-04 21:55:42'),
(39, 3, 4, 0, 2, '2025-08-04 21:55:42', '2025-08-04 21:55:42'),
(40, 3, 3, 0, 8, '2025-08-04 21:55:42', '2025-08-04 21:55:42'),
(41, 3, 2, 0, 2, '2025-08-04 21:55:42', '2025-08-04 21:55:42'),
(42, 3, 1, 0, 1, '2025-08-04 21:55:42', '2025-08-04 21:55:42'),
(43, 1, 6, 2, 3, '2025-08-04 21:57:56', '2025-08-04 21:57:56'),
(44, 1, 5, 2, 3, '2025-08-04 21:57:56', '2025-08-04 21:57:56'),
(45, 1, 4, 2, 2, '2025-08-04 21:57:56', '2025-08-04 21:57:56'),
(46, 1, 3, 2, 8, '2025-08-04 21:57:56', '2025-08-04 21:57:56'),
(47, 1, 2, 2, 1, '2025-08-04 21:57:56', '2025-08-04 21:57:56'),
(48, 1, 1, 2, 1, '2025-08-04 21:57:56', '2025-08-04 21:57:56'),
(49, 2, 6, 2, 4, '2025-08-04 21:58:48', '2025-08-04 21:58:48'),
(50, 2, 5, 2, 3, '2025-08-04 21:58:48', '2025-08-04 21:58:48'),
(51, 2, 4, 2, 2, '2025-08-04 21:58:48', '2025-08-04 21:58:48'),
(52, 2, 3, 2, 9, '2025-08-04 21:58:48', '2025-08-04 21:58:48'),
(53, 2, 2, 2, 2, '2025-08-04 21:58:48', '2025-08-04 21:58:48'),
(54, 2, 1, 2, 1, '2025-08-04 21:58:48', '2025-08-04 21:58:48'),
(55, 2, 6, 3, 4, '2025-08-04 22:03:42', '2025-08-04 22:03:42'),
(56, 2, 5, 3, 3, '2025-08-04 22:03:42', '2025-08-04 22:03:42'),
(57, 2, 4, 3, 2, '2025-08-04 22:03:42', '2025-08-04 22:03:42'),
(58, 2, 3, 3, 2, '2025-08-04 22:03:42', '2025-08-04 22:03:42'),
(59, 2, 2, 3, 2, '2025-08-04 22:03:42', '2025-08-04 22:03:42'),
(60, 2, 1, 3, 2, '2025-08-04 22:03:42', '2025-08-04 22:03:42'),
(61, 5, 6, 0, 3, '2025-08-04 22:04:58', '2025-08-04 22:04:58'),
(62, 5, 5, 0, 3, '2025-08-04 22:04:58', '2025-08-04 22:04:58'),
(63, 5, 4, 0, 2, '2025-08-04 22:04:58', '2025-08-04 22:04:58'),
(64, 5, 3, 0, 8, '2025-08-04 22:04:58', '2025-08-04 22:04:58'),
(65, 5, 2, 0, 2, '2025-08-04 22:04:58', '2025-08-04 22:04:58'),
(66, 5, 1, 0, 2, '2025-08-04 22:04:58', '2025-08-04 22:04:58'),
(67, 4, 6, 2, 2, '2025-08-04 22:05:56', '2025-08-04 22:05:56'),
(68, 4, 5, 2, 2, '2025-08-04 22:05:56', '2025-08-04 22:05:56'),
(69, 4, 4, 2, 2, '2025-08-04 22:05:56', '2025-08-04 22:05:56'),
(70, 4, 3, 2, 8, '2025-08-04 22:05:56', '2025-08-04 22:05:56'),
(71, 4, 2, 2, 2, '2025-08-04 22:05:56', '2025-08-04 22:05:56'),
(72, 4, 1, 2, 1, '2025-08-04 22:05:56', '2025-08-04 22:05:56'),
(73, 4, 6, 3, 3, '2025-08-04 22:09:25', '2025-08-04 22:09:25'),
(74, 4, 5, 3, 2, '2025-08-04 22:09:25', '2025-08-04 22:09:25'),
(75, 4, 4, 3, 2, '2025-08-04 22:09:25', '2025-08-04 22:09:25'),
(76, 4, 3, 3, 8, '2025-08-04 22:09:25', '2025-08-04 22:09:25'),
(77, 4, 2, 3, 1, '2025-08-04 22:09:25', '2025-08-04 22:09:25'),
(78, 4, 1, 3, 2, '2025-08-04 22:09:25', '2025-08-04 22:09:25'),
(79, 1, 6, 3, 4, '2025-08-04 22:11:42', '2025-08-04 22:11:42'),
(80, 1, 5, 3, 3, '2025-08-04 22:11:42', '2025-08-04 22:11:42'),
(81, 1, 4, 3, 2, '2025-08-04 22:11:42', '2025-08-04 22:11:42'),
(82, 1, 3, 3, 8, '2025-08-04 22:11:42', '2025-08-04 22:11:42'),
(83, 1, 2, 3, 2, '2025-08-04 22:11:42', '2025-08-04 22:11:42'),
(84, 1, 1, 3, 1, '2025-08-04 22:11:42', '2025-08-04 22:11:42'),
(85, 5, 6, 1, 3, '2025-08-04 22:15:54', '2025-08-04 22:15:54'),
(86, 5, 5, 1, 2, '2025-08-04 22:15:54', '2025-08-04 22:15:54'),
(87, 5, 4, 1, 1, '2025-08-04 22:15:54', '2025-08-04 22:15:54'),
(88, 5, 3, 1, 8, '2025-08-04 22:15:54', '2025-08-04 22:15:54'),
(89, 5, 2, 1, 2, '2025-08-04 22:15:54', '2025-08-04 22:15:54'),
(90, 5, 1, 1, 2, '2025-08-04 22:15:54', '2025-08-04 22:15:54'),
(91, 4, 6, 4, 2, '2025-08-04 22:16:43', '2025-08-04 22:16:43'),
(92, 4, 5, 4, 3, '2025-08-04 22:16:43', '2025-08-04 22:16:43'),
(93, 4, 4, 4, 2, '2025-08-04 22:16:43', '2025-08-04 22:16:43'),
(94, 4, 3, 4, 8, '2025-08-04 22:16:43', '2025-08-04 22:16:43'),
(95, 4, 2, 4, 1, '2025-08-04 22:16:43', '2025-08-04 22:16:43'),
(96, 4, 1, 4, 1, '2025-08-04 22:16:43', '2025-08-04 22:16:43'),
(97, 5, 6, 2, 3, '2025-08-04 22:17:55', '2025-08-04 22:17:55'),
(98, 5, 5, 2, 2, '2025-08-04 22:17:55', '2025-08-04 22:17:55'),
(99, 5, 4, 2, 2, '2025-08-04 22:17:55', '2025-08-04 22:17:55'),
(100, 5, 3, 2, 7, '2025-08-04 22:17:55', '2025-08-04 22:17:55'),
(101, 5, 2, 2, 1, '2025-08-04 22:17:55', '2025-08-04 22:17:55'),
(102, 5, 1, 2, 1, '2025-08-04 22:17:55', '2025-08-04 22:17:55'),
(103, 4, 6, 5, 3, '2025-08-04 22:19:02', '2025-08-04 22:19:02'),
(104, 4, 5, 5, 4, '2025-08-04 22:19:02', '2025-08-04 22:19:02'),
(105, 4, 4, 5, 2, '2025-08-04 22:19:02', '2025-08-04 22:19:02'),
(106, 4, 3, 5, 8, '2025-08-04 22:19:02', '2025-08-04 22:19:02'),
(107, 4, 2, 5, 1, '2025-08-04 22:19:02', '2025-08-04 22:19:02'),
(108, 4, 1, 5, 1, '2025-08-04 22:19:02', '2025-08-04 22:19:02'),
(109, 5, 6, 3, 3, '2025-08-04 22:19:56', '2025-08-04 22:19:56'),
(110, 5, 5, 3, 2, '2025-08-04 22:19:56', '2025-08-04 22:19:56'),
(111, 5, 4, 3, 2, '2025-08-04 22:19:56', '2025-08-04 22:19:56'),
(112, 5, 3, 3, 8, '2025-08-04 22:19:56', '2025-08-04 22:19:56'),
(113, 5, 2, 3, 1, '2025-08-04 22:19:56', '2025-08-04 22:19:56'),
(114, 5, 1, 3, 2, '2025-08-04 22:19:56', '2025-08-04 22:19:56'),
(115, 4, 6, 6, 2, '2025-08-04 22:20:46', '2025-08-04 22:20:46'),
(116, 4, 5, 6, 1, '2025-08-04 22:20:46', '2025-08-04 22:20:46'),
(117, 4, 4, 6, 2, '2025-08-04 22:20:46', '2025-08-04 22:20:46'),
(118, 4, 3, 6, 8, '2025-08-04 22:20:46', '2025-08-04 22:20:46'),
(119, 4, 2, 6, 1, '2025-08-04 22:20:46', '2025-08-04 22:20:46'),
(120, 4, 1, 6, 1, '2025-08-04 22:20:46', '2025-08-04 22:20:46'),
(121, 2, 6, 4, 4, '2025-08-04 22:21:55', '2025-08-04 22:21:55'),
(122, 2, 5, 4, 3, '2025-08-04 22:21:55', '2025-08-04 22:21:55'),
(123, 2, 4, 4, 2, '2025-08-04 22:21:55', '2025-08-04 22:21:55'),
(124, 2, 3, 4, 8, '2025-08-04 22:21:55', '2025-08-04 22:21:55'),
(125, 2, 2, 4, 2, '2025-08-04 22:21:55', '2025-08-04 22:21:55'),
(126, 2, 1, 4, 1, '2025-08-04 22:21:55', '2025-08-04 22:21:55'),
(127, 5, 6, 4, 2, '2025-08-04 22:22:48', '2025-08-04 22:22:48'),
(128, 5, 5, 4, 2, '2025-08-04 22:22:48', '2025-08-04 22:22:48'),
(129, 5, 4, 4, 2, '2025-08-04 22:22:48', '2025-08-04 22:22:48'),
(130, 5, 3, 4, 8, '2025-08-04 22:22:48', '2025-08-04 22:22:48'),
(131, 5, 2, 4, 2, '2025-08-04 22:22:48', '2025-08-04 22:22:48'),
(132, 5, 1, 4, 1, '2025-08-04 22:22:48', '2025-08-04 22:22:48'),
(133, 1, 6, 4, 4, '2025-08-04 22:23:53', '2025-08-04 22:23:53'),
(134, 1, 5, 4, 4, '2025-08-04 22:23:53', '2025-08-04 22:23:53'),
(135, 1, 4, 4, 2, '2025-08-04 22:23:53', '2025-08-04 22:23:53'),
(136, 1, 3, 4, 2, '2025-08-04 22:23:53', '2025-08-04 22:23:53'),
(137, 1, 2, 4, 2, '2025-08-04 22:23:53', '2025-08-04 22:23:53'),
(138, 1, 1, 4, 1, '2025-08-04 22:23:53', '2025-08-04 22:23:53'),
(139, 2, 6, 5, 4, '2025-08-04 22:24:50', '2025-08-04 22:24:50'),
(140, 2, 5, 5, 4, '2025-08-04 22:24:50', '2025-08-04 22:24:50'),
(141, 2, 4, 5, 2, '2025-08-04 22:24:50', '2025-08-04 22:24:50'),
(142, 2, 3, 5, 8, '2025-08-04 22:24:50', '2025-08-04 22:24:50'),
(143, 2, 2, 5, 2, '2025-08-04 22:24:50', '2025-08-04 22:24:50'),
(144, 2, 1, 5, 1, '2025-08-04 22:24:50', '2025-08-04 22:24:50'),
(145, 1, 6, 5, 4, '2025-08-04 22:25:42', '2025-08-04 22:25:42'),
(146, 1, 5, 5, 2, '2025-08-04 22:25:42', '2025-08-04 22:25:42'),
(147, 1, 4, 5, 2, '2025-08-04 22:25:42', '2025-08-04 22:25:42'),
(148, 1, 3, 5, 8, '2025-08-04 22:25:42', '2025-08-04 22:25:42'),
(149, 1, 2, 5, 2, '2025-08-04 22:25:42', '2025-08-04 22:25:42'),
(150, 1, 1, 5, 1, '2025-08-04 22:25:42', '2025-08-04 22:25:42'),
(151, 4, 6, 7, 2, '2025-08-04 22:26:38', '2025-08-04 22:26:38'),
(152, 4, 5, 7, 2, '2025-08-04 22:26:38', '2025-08-04 22:26:38'),
(153, 4, 4, 7, 2, '2025-08-04 22:26:38', '2025-08-04 22:26:38'),
(154, 4, 3, 7, 9, '2025-08-04 22:26:38', '2025-08-04 22:26:38'),
(155, 4, 2, 7, 2, '2025-08-04 22:26:38', '2025-08-04 22:26:38'),
(156, 4, 1, 7, 1, '2025-08-04 22:26:38', '2025-08-04 22:26:38'),
(157, 4, 6, 8, 3, '2025-08-04 22:27:29', '2025-08-04 22:27:29'),
(158, 4, 5, 8, 2, '2025-08-04 22:27:29', '2025-08-04 22:27:29'),
(159, 4, 4, 8, 2, '2025-08-04 22:27:29', '2025-08-04 22:27:29'),
(160, 4, 3, 8, 8, '2025-08-04 22:27:29', '2025-08-04 22:27:29'),
(161, 4, 2, 8, 1, '2025-08-04 22:27:29', '2025-08-04 22:27:29'),
(162, 4, 1, 8, 2, '2025-08-04 22:27:29', '2025-08-04 22:27:29'),
(163, 5, 6, 5, 3, '2025-08-04 22:28:25', '2025-08-04 22:28:25'),
(164, 5, 5, 5, 2, '2025-08-04 22:28:25', '2025-08-04 22:28:25'),
(165, 5, 4, 5, 2, '2025-08-04 22:28:25', '2025-08-04 22:28:25'),
(166, 5, 3, 5, 8, '2025-08-04 22:28:25', '2025-08-04 22:28:25'),
(167, 5, 2, 5, 2, '2025-08-04 22:28:25', '2025-08-04 22:28:25'),
(168, 5, 1, 5, 1, '2025-08-04 22:28:25', '2025-08-04 22:28:25'),
(169, 4, 6, 9, 2, '2025-08-04 22:29:38', '2025-08-04 22:29:38'),
(170, 4, 5, 9, 1, '2025-08-04 22:29:38', '2025-08-04 22:29:38'),
(171, 4, 4, 9, 2, '2025-08-04 22:29:38', '2025-08-04 22:29:38'),
(172, 4, 3, 9, 8, '2025-08-04 22:29:38', '2025-08-04 22:29:38'),
(173, 4, 2, 9, 1, '2025-08-04 22:29:38', '2025-08-04 22:29:38'),
(174, 4, 1, 9, 1, '2025-08-04 22:29:38', '2025-08-04 22:29:38'),
(175, 5, 6, 6, 3, '2025-08-04 22:30:22', '2025-08-04 22:30:22'),
(176, 5, 5, 6, 2, '2025-08-04 22:30:22', '2025-08-04 22:30:22'),
(177, 5, 4, 6, 2, '2025-08-04 22:30:22', '2025-08-04 22:30:22'),
(178, 5, 3, 6, 8, '2025-08-04 22:30:22', '2025-08-04 22:30:22'),
(179, 5, 2, 6, 2, '2025-08-04 22:30:22', '2025-08-04 22:30:22'),
(180, 5, 1, 6, 1, '2025-08-04 22:30:22', '2025-08-04 22:30:22'),
(181, 2, 6, 6, 4, '2025-08-04 22:31:11', '2025-08-04 22:31:11'),
(182, 2, 5, 6, 2, '2025-08-04 22:31:11', '2025-08-04 22:31:11'),
(183, 2, 4, 6, 2, '2025-08-04 22:31:11', '2025-08-04 22:31:11'),
(184, 2, 3, 6, 8, '2025-08-04 22:31:11', '2025-08-04 22:31:11'),
(185, 2, 2, 6, 2, '2025-08-04 22:31:11', '2025-08-04 22:31:11'),
(186, 2, 1, 6, 1, '2025-08-04 22:31:11', '2025-08-04 22:31:11'),
(187, 1, 6, 6, 4, '2025-08-04 22:32:02', '2025-08-04 22:32:02'),
(188, 1, 5, 6, 2, '2025-08-04 22:32:02', '2025-08-04 22:32:02'),
(189, 1, 4, 6, 2, '2025-08-04 22:32:02', '2025-08-04 22:32:02'),
(190, 1, 3, 6, 8, '2025-08-04 22:32:02', '2025-08-04 22:32:02'),
(191, 1, 2, 6, 1, '2025-08-04 22:32:02', '2025-08-04 22:32:02'),
(192, 1, 1, 6, 1, '2025-08-04 22:32:02', '2025-08-04 22:32:02'),
(193, 2, 6, 7, 4, '2025-08-04 22:33:03', '2025-08-04 22:33:03'),
(194, 2, 5, 7, 2, '2025-08-04 22:33:03', '2025-08-04 22:33:03'),
(195, 2, 4, 7, 2, '2025-08-04 22:33:03', '2025-08-04 22:33:03'),
(196, 2, 3, 7, 8, '2025-08-04 22:33:03', '2025-08-04 22:33:03'),
(197, 2, 2, 7, 2, '2025-08-04 22:33:03', '2025-08-04 22:33:03'),
(198, 2, 1, 7, 1, '2025-08-04 22:33:03', '2025-08-04 22:33:03'),
(199, 1, 6, 7, 4, '2025-08-04 22:33:57', '2025-08-04 22:33:57'),
(200, 1, 5, 7, 3, '2025-08-04 22:33:57', '2025-08-04 22:33:57'),
(201, 1, 4, 7, 2, '2025-08-04 22:33:57', '2025-08-04 22:33:57'),
(202, 1, 3, 7, 8, '2025-08-04 22:33:57', '2025-08-04 22:33:57'),
(203, 1, 2, 7, 1, '2025-08-04 22:33:57', '2025-08-04 22:33:57'),
(204, 1, 1, 7, 1, '2025-08-04 22:33:57', '2025-08-04 22:33:57'),
(205, 2, 6, 8, 4, '2025-08-04 22:34:59', '2025-08-04 22:34:59'),
(206, 2, 5, 8, 2, '2025-08-04 22:34:59', '2025-08-04 22:34:59'),
(207, 2, 4, 8, 2, '2025-08-04 22:34:59', '2025-08-04 22:34:59'),
(208, 2, 3, 8, 8, '2025-08-04 22:34:59', '2025-08-04 22:34:59'),
(209, 2, 2, 8, 1, '2025-08-04 22:34:59', '2025-08-04 22:34:59'),
(210, 2, 1, 8, 1, '2025-08-04 22:34:59', '2025-08-04 22:34:59'),
(211, 2, 6, 9, 4, '2025-08-04 22:35:38', '2025-08-04 22:35:38'),
(212, 2, 5, 9, 2, '2025-08-04 22:35:38', '2025-08-04 22:35:38'),
(213, 2, 4, 9, 2, '2025-08-04 22:35:38', '2025-08-04 22:35:38'),
(214, 2, 3, 9, 8, '2025-08-04 22:35:38', '2025-08-04 22:35:38'),
(215, 2, 2, 9, 2, '2025-08-04 22:35:38', '2025-08-04 22:35:38'),
(216, 2, 1, 9, 1, '2025-08-04 22:35:38', '2025-08-04 22:35:38'),
(217, 5, 6, 7, 3, '2025-08-04 22:36:22', '2025-08-04 22:36:22'),
(218, 5, 5, 7, 3, '2025-08-04 22:36:22', '2025-08-04 22:36:22'),
(219, 5, 4, 7, 2, '2025-08-04 22:36:22', '2025-08-04 22:36:22'),
(220, 5, 3, 7, 8, '2025-08-04 22:36:22', '2025-08-04 22:36:22'),
(221, 5, 2, 7, 2, '2025-08-04 22:36:22', '2025-08-04 22:36:22'),
(222, 5, 1, 7, 1, '2025-08-04 22:36:22', '2025-08-04 22:36:22'),
(223, 2, 6, 10, 4, '2025-08-04 22:37:04', '2025-08-04 22:37:04'),
(224, 2, 5, 10, 4, '2025-08-04 22:37:04', '2025-08-04 22:37:04'),
(225, 2, 4, 10, 2, '2025-08-04 22:37:04', '2025-08-04 22:37:04'),
(226, 2, 3, 10, 8, '2025-08-04 22:37:04', '2025-08-04 22:37:04'),
(227, 2, 2, 10, 2, '2025-08-04 22:37:04', '2025-08-04 22:37:04'),
(228, 2, 1, 10, 1, '2025-08-04 22:37:04', '2025-08-04 22:37:04'),
(229, 5, 6, 8, 3, '2025-08-04 22:38:11', '2025-08-04 22:38:11'),
(230, 5, 5, 8, 2, '2025-08-04 22:38:11', '2025-08-04 22:38:11'),
(231, 5, 4, 8, 2, '2025-08-04 22:38:11', '2025-08-04 22:38:11'),
(232, 5, 3, 8, 8, '2025-08-04 22:38:11', '2025-08-04 22:38:11'),
(233, 5, 2, 8, 1, '2025-08-04 22:38:11', '2025-08-04 22:38:11'),
(234, 5, 1, 8, 2, '2025-08-04 22:38:11', '2025-08-04 22:38:11'),
(235, 5, 6, 9, 3, '2025-08-04 22:38:52', '2025-08-04 22:38:52'),
(236, 5, 5, 9, 2, '2025-08-04 22:38:52', '2025-08-04 22:38:52'),
(237, 5, 4, 9, 2, '2025-08-04 22:38:52', '2025-08-04 22:38:52'),
(238, 5, 3, 9, 8, '2025-08-04 22:38:52', '2025-08-04 22:38:52'),
(239, 5, 2, 9, 2, '2025-08-04 22:38:52', '2025-08-04 22:38:52'),
(240, 5, 1, 9, 1, '2025-08-04 22:38:52', '2025-08-04 22:38:52'),
(241, 5, 6, 10, 3, '2025-08-04 22:39:41', '2025-08-04 22:39:41'),
(242, 5, 5, 10, 2, '2025-08-04 22:39:41', '2025-08-04 22:39:41'),
(243, 5, 4, 10, 2, '2025-08-04 22:39:41', '2025-08-04 22:39:41'),
(244, 5, 3, 10, 8, '2025-08-04 22:39:41', '2025-08-04 22:39:41'),
(245, 5, 2, 10, 1, '2025-08-04 22:39:41', '2025-08-04 22:39:41'),
(246, 5, 1, 10, 1, '2025-08-04 22:39:41', '2025-08-04 22:39:41'),
(247, 2, 6, 11, 4, '2025-08-04 22:41:07', '2025-08-04 22:41:07'),
(248, 2, 5, 11, 1, '2025-08-04 22:41:07', '2025-08-04 22:41:07'),
(249, 2, 4, 11, 2, '2025-08-04 22:41:07', '2025-08-04 22:41:07'),
(250, 2, 3, 11, 8, '2025-08-04 22:41:07', '2025-08-04 22:41:07'),
(251, 2, 2, 11, 2, '2025-08-04 22:41:07', '2025-08-04 22:41:07'),
(252, 2, 1, 11, 1, '2025-08-04 22:41:07', '2025-08-04 22:41:07'),
(253, 2, 6, 12, 4, '2025-08-04 22:42:45', '2025-08-04 22:42:45'),
(254, 2, 5, 12, 4, '2025-08-04 22:42:45', '2025-08-04 22:42:45'),
(255, 2, 4, 12, 2, '2025-08-04 22:42:45', '2025-08-04 22:42:45'),
(256, 2, 3, 12, 8, '2025-08-04 22:42:45', '2025-08-04 22:42:45'),
(257, 2, 2, 12, 2, '2025-08-04 22:42:45', '2025-08-04 22:42:45'),
(258, 2, 1, 12, 1, '2025-08-04 22:42:45', '2025-08-04 22:42:45'),
(259, 1, 6, 8, 4, '2025-08-04 22:43:25', '2025-08-04 22:43:25'),
(260, 1, 5, 8, 3, '2025-08-04 22:43:25', '2025-08-04 22:43:25'),
(261, 1, 4, 8, 2, '2025-08-04 22:43:25', '2025-08-04 22:43:25'),
(262, 1, 3, 8, 9, '2025-08-04 22:43:25', '2025-08-04 22:43:25'),
(263, 1, 2, 8, 2, '2025-08-04 22:43:25', '2025-08-04 22:43:25'),
(264, 1, 1, 8, 1, '2025-08-04 22:43:25', '2025-08-04 22:43:25'),
(265, 5, 6, 11, 3, '2025-08-04 22:44:15', '2025-08-04 22:44:15'),
(266, 5, 5, 11, 2, '2025-08-04 22:44:15', '2025-08-04 22:44:15'),
(267, 5, 4, 11, 2, '2025-08-04 22:44:15', '2025-08-04 22:44:15'),
(268, 5, 3, 11, 2, '2025-08-04 22:44:15', '2025-08-04 22:44:15'),
(269, 5, 2, 11, 2, '2025-08-04 22:44:15', '2025-08-04 22:44:15'),
(270, 5, 1, 11, 1, '2025-08-04 22:44:15', '2025-08-04 22:44:15'),
(271, 2, 6, 13, 4, '2025-08-04 22:44:55', '2025-08-04 22:44:55'),
(272, 2, 5, 13, 2, '2025-08-04 22:44:55', '2025-08-04 22:44:55'),
(273, 2, 4, 13, 2, '2025-08-04 22:44:55', '2025-08-04 22:44:55'),
(274, 2, 3, 13, 8, '2025-08-04 22:44:55', '2025-08-04 22:44:55'),
(275, 2, 2, 13, 1, '2025-08-04 22:44:55', '2025-08-04 22:44:55'),
(276, 2, 1, 13, 1, '2025-08-04 22:44:55', '2025-08-04 22:44:55'),
(277, 5, 6, 12, 3, '2025-08-04 22:45:32', '2025-08-04 22:45:32'),
(278, 5, 5, 12, 3, '2025-08-04 22:45:32', '2025-08-04 22:45:32'),
(279, 5, 4, 12, 2, '2025-08-04 22:45:32', '2025-08-04 22:45:32'),
(280, 5, 3, 12, 8, '2025-08-04 22:45:32', '2025-08-04 22:45:32'),
(281, 5, 2, 12, 2, '2025-08-04 22:45:32', '2025-08-04 22:45:32'),
(282, 5, 1, 12, 1, '2025-08-04 22:45:32', '2025-08-04 22:45:32'),
(283, 5, 6, 13, 3, '2025-08-04 22:46:19', '2025-08-04 22:46:19'),
(284, 5, 5, 13, 2, '2025-08-04 22:46:19', '2025-08-04 22:46:19'),
(285, 5, 4, 13, 2, '2025-08-04 22:46:19', '2025-08-04 22:46:19'),
(286, 5, 3, 13, 7, '2025-08-04 22:46:19', '2025-08-04 22:46:19'),
(287, 5, 2, 13, 1, '2025-08-04 22:46:19', '2025-08-04 22:46:19'),
(288, 5, 1, 13, 2, '2025-08-04 22:46:19', '2025-08-04 22:46:19'),
(289, 5, 6, 14, 3, '2025-08-04 22:46:57', '2025-08-04 22:46:57'),
(290, 5, 5, 14, 2, '2025-08-04 22:46:57', '2025-08-04 22:46:57'),
(291, 5, 4, 14, 2, '2025-08-04 22:46:57', '2025-08-04 22:46:57'),
(292, 5, 3, 14, 8, '2025-08-04 22:46:57', '2025-08-04 22:46:57'),
(293, 5, 2, 14, 2, '2025-08-04 22:46:57', '2025-08-04 22:46:57'),
(294, 5, 1, 14, 2, '2025-08-04 22:46:57', '2025-08-04 22:46:57'),
(295, 2, 6, 14, 4, '2025-08-04 22:47:37', '2025-08-04 22:47:37'),
(296, 2, 5, 14, 2, '2025-08-04 22:47:37', '2025-08-04 22:47:37'),
(297, 2, 4, 14, 2, '2025-08-04 22:47:37', '2025-08-04 22:47:37'),
(298, 2, 3, 14, 8, '2025-08-04 22:47:37', '2025-08-04 22:47:37'),
(299, 2, 2, 14, 1, '2025-08-04 22:47:37', '2025-08-04 22:47:37'),
(300, 2, 1, 14, 1, '2025-08-04 22:47:37', '2025-08-04 22:47:37'),
(301, 2, 6, 15, 4, '2025-08-05 02:27:33', '2025-08-05 02:27:33'),
(302, 2, 5, 15, 4, '2025-08-05 02:27:33', '2025-08-05 02:27:33'),
(303, 2, 4, 15, 1, '2025-08-05 02:27:33', '2025-08-05 02:27:33'),
(304, 2, 3, 15, 8, '2025-08-05 02:27:33', '2025-08-05 02:27:33'),
(305, 2, 2, 15, 2, '2025-08-05 02:27:33', '2025-08-05 02:27:33'),
(306, 2, 1, 15, 1, '2025-08-05 02:27:33', '2025-08-05 02:27:33'),
(307, 5, 6, 15, 3, '2025-08-05 02:28:33', '2025-08-05 02:28:33'),
(308, 5, 5, 15, 2, '2025-08-05 02:28:33', '2025-08-05 02:28:33'),
(309, 5, 4, 15, 2, '2025-08-05 02:28:33', '2025-08-05 02:28:33'),
(310, 5, 3, 15, 8, '2025-08-05 02:28:33', '2025-08-05 02:28:33'),
(311, 5, 2, 15, 2, '2025-08-05 02:28:33', '2025-08-05 02:28:33'),
(312, 5, 1, 15, 1, '2025-08-05 02:28:33', '2025-08-05 02:28:33'),
(313, 5, 6, 16, 3, '2025-08-05 02:30:21', '2025-08-05 02:30:21'),
(314, 5, 5, 16, 3, '2025-08-05 02:30:21', '2025-08-05 02:30:21'),
(315, 5, 4, 16, 2, '2025-08-05 02:30:21', '2025-08-05 02:30:21'),
(316, 5, 3, 16, 8, '2025-08-05 02:30:21', '2025-08-05 02:30:21'),
(317, 5, 2, 16, 2, '2025-08-05 02:30:21', '2025-08-05 02:30:21'),
(318, 5, 1, 16, 1, '2025-08-05 02:30:21', '2025-08-05 02:30:21'),
(319, 5, 6, 17, 3, '2025-08-05 02:31:49', '2025-08-05 02:31:49'),
(320, 5, 5, 17, 3, '2025-08-05 02:31:49', '2025-08-05 02:31:49'),
(321, 5, 4, 17, 2, '2025-08-05 02:31:49', '2025-08-05 02:31:49'),
(322, 5, 3, 17, 8, '2025-08-05 02:31:49', '2025-08-05 02:31:49'),
(323, 5, 2, 17, 2, '2025-08-05 02:31:49', '2025-08-05 02:31:49'),
(324, 5, 1, 17, 1, '2025-08-05 02:31:49', '2025-08-05 02:31:49'),
(325, 1, 6, 9, 4, '2025-08-05 02:33:56', '2025-08-05 02:33:56'),
(326, 1, 5, 9, 2, '2025-08-05 02:33:56', '2025-08-05 02:33:56'),
(327, 1, 4, 9, 2, '2025-08-05 02:33:56', '2025-08-05 02:33:56'),
(328, 1, 3, 9, 7, '2025-08-05 02:33:56', '2025-08-05 02:33:56'),
(329, 1, 2, 9, 2, '2025-08-05 02:33:56', '2025-08-05 02:33:56'),
(330, 1, 1, 9, 2, '2025-08-05 02:33:56', '2025-08-05 02:33:56'),
(331, 4, 6, 10, 3, '2025-08-05 02:35:19', '2025-08-05 02:35:19'),
(332, 4, 5, 10, 2, '2025-08-05 02:35:19', '2025-08-05 02:35:19'),
(333, 4, 4, 10, 2, '2025-08-05 02:35:19', '2025-08-05 02:35:19'),
(334, 4, 3, 10, 8, '2025-08-05 02:35:19', '2025-08-05 02:35:19'),
(335, 4, 2, 10, 2, '2025-08-05 02:35:19', '2025-08-05 02:35:19'),
(336, 4, 1, 10, 1, '2025-08-05 02:35:19', '2025-08-05 02:35:19'),
(337, 2, 6, 16, 4, '2025-08-05 02:38:19', '2025-08-05 02:38:19'),
(338, 2, 5, 16, 4, '2025-08-05 02:38:19', '2025-08-05 02:38:19'),
(339, 2, 4, 16, 1, '2025-08-05 02:38:19', '2025-08-05 02:38:19'),
(340, 2, 3, 16, 1, '2025-08-05 02:38:19', '2025-08-05 02:38:19'),
(341, 2, 2, 16, 2, '2025-08-05 02:38:19', '2025-08-05 02:38:19'),
(342, 2, 1, 16, 1, '2025-08-05 02:38:19', '2025-08-05 02:38:19'),
(343, 5, 6, 18, 3, '2025-08-05 02:39:35', '2025-08-05 02:39:35'),
(344, 5, 5, 18, 2, '2025-08-05 02:39:35', '2025-08-05 02:39:35'),
(345, 5, 4, 18, 2, '2025-08-05 02:39:35', '2025-08-05 02:39:35'),
(346, 5, 3, 18, 8, '2025-08-05 02:39:35', '2025-08-05 02:39:35'),
(347, 5, 2, 18, 2, '2025-08-05 02:39:35', '2025-08-05 02:39:35'),
(348, 5, 1, 18, 1, '2025-08-05 02:39:35', '2025-08-05 02:39:35'),
(349, 5, 6, 19, 3, '2025-08-05 02:41:30', '2025-08-05 02:41:30'),
(350, 5, 5, 19, 2, '2025-08-05 02:41:30', '2025-08-05 02:41:30'),
(351, 5, 4, 19, 2, '2025-08-05 02:41:30', '2025-08-05 02:41:30'),
(352, 5, 3, 19, 3, '2025-08-05 02:41:30', '2025-08-05 02:41:30'),
(353, 5, 2, 19, 2, '2025-08-05 02:41:30', '2025-08-05 02:41:30'),
(354, 5, 1, 19, 2, '2025-08-05 02:41:30', '2025-08-05 02:41:30'),
(355, 4, 6, 11, 3, '2025-08-05 02:43:23', '2025-08-05 02:43:23'),
(356, 4, 5, 11, 2, '2025-08-05 02:43:23', '2025-08-05 02:43:23'),
(357, 4, 4, 11, 1, '2025-08-05 02:43:23', '2025-08-05 02:43:23'),
(358, 4, 3, 11, 6, '2025-08-05 02:43:23', '2025-08-05 02:43:23'),
(359, 4, 2, 11, 2, '2025-08-05 02:43:23', '2025-08-05 02:43:23'),
(360, 4, 1, 11, 2, '2025-08-05 02:43:23', '2025-08-05 02:43:23'),
(361, 5, 6, 20, 4, '2025-08-05 02:47:40', '2025-08-05 02:47:40'),
(362, 5, 5, 20, 3, '2025-08-05 02:47:40', '2025-08-05 02:47:40'),
(363, 5, 4, 20, 2, '2025-08-05 02:47:40', '2025-08-05 02:47:40'),
(364, 5, 3, 20, 5, '2025-08-05 02:47:40', '2025-08-05 02:47:40'),
(365, 5, 2, 20, 2, '2025-08-05 02:47:40', '2025-08-05 02:47:40'),
(366, 5, 1, 20, 1, '2025-08-05 02:47:40', '2025-08-05 02:47:40'),
(367, 5, 6, 21, 3, '2025-08-05 02:49:49', '2025-08-05 02:49:49'),
(368, 5, 5, 21, 2, '2025-08-05 02:49:49', '2025-08-05 02:49:49'),
(369, 5, 4, 21, 2, '2025-08-05 02:49:49', '2025-08-05 02:49:49'),
(370, 5, 3, 21, 8, '2025-08-05 02:49:49', '2025-08-05 02:49:49'),
(371, 5, 2, 21, 2, '2025-08-05 02:49:49', '2025-08-05 02:49:49'),
(372, 5, 1, 21, 2, '2025-08-05 02:49:49', '2025-08-05 02:49:49'),
(373, 1, 6, 10, 4, '2025-08-05 02:55:47', '2025-08-05 02:55:47'),
(374, 1, 5, 10, 4, '2025-08-05 02:55:47', '2025-08-05 02:55:47'),
(375, 1, 4, 10, 2, '2025-08-05 02:55:47', '2025-08-05 02:55:47'),
(376, 1, 3, 10, 8, '2025-08-05 02:55:47', '2025-08-05 02:55:47'),
(377, 1, 2, 10, 2, '2025-08-05 02:55:47', '2025-08-05 02:55:47'),
(378, 1, 1, 10, 1, '2025-08-05 02:55:47', '2025-08-05 02:55:47'),
(379, 1, 6, 11, 4, '2025-08-05 02:57:45', '2025-08-05 02:57:45'),
(380, 1, 5, 11, 3, '2025-08-05 02:57:45', '2025-08-05 02:57:45'),
(381, 1, 4, 11, 2, '2025-08-05 02:57:45', '2025-08-05 02:57:45'),
(382, 1, 3, 11, 8, '2025-08-05 02:57:45', '2025-08-05 02:57:45'),
(383, 1, 2, 11, 2, '2025-08-05 02:57:45', '2025-08-05 02:57:45'),
(384, 1, 1, 11, 1, '2025-08-05 02:57:45', '2025-08-05 02:57:45'),
(385, 2, 6, 17, 4, '2025-08-05 02:59:31', '2025-08-05 02:59:31'),
(386, 2, 5, 17, 4, '2025-08-05 02:59:31', '2025-08-05 02:59:31'),
(387, 2, 4, 17, 2, '2025-08-05 02:59:31', '2025-08-05 02:59:31'),
(388, 2, 3, 17, 5, '2025-08-05 02:59:31', '2025-08-05 02:59:31'),
(389, 2, 2, 17, 2, '2025-08-05 02:59:31', '2025-08-05 02:59:31'),
(390, 2, 1, 17, 1, '2025-08-05 02:59:31', '2025-08-05 02:59:31'),
(391, 2, 6, 18, 4, '2025-08-05 03:01:37', '2025-08-05 03:01:37'),
(392, 2, 5, 18, 2, '2025-08-05 03:01:37', '2025-08-05 03:01:37'),
(393, 2, 4, 18, 2, '2025-08-05 03:01:37', '2025-08-05 03:01:37'),
(394, 2, 3, 18, 7, '2025-08-05 03:01:37', '2025-08-05 03:01:37'),
(395, 2, 2, 18, 2, '2025-08-05 03:01:37', '2025-08-05 03:01:37'),
(396, 2, 1, 18, 3, '2025-08-05 03:01:37', '2025-08-05 03:01:37'),
(397, 4, 6, 12, 2, '2025-08-05 03:04:52', '2025-08-05 03:04:52'),
(398, 4, 5, 12, 2, '2025-08-05 03:04:52', '2025-08-05 03:04:52'),
(399, 4, 4, 12, 2, '2025-08-05 03:04:52', '2025-08-05 03:04:52'),
(400, 4, 3, 12, 8, '2025-08-05 03:04:52', '2025-08-05 03:04:52'),
(401, 4, 2, 12, 1, '2025-08-05 03:04:52', '2025-08-05 03:04:52'),
(402, 4, 1, 12, 1, '2025-08-05 03:04:52', '2025-08-05 03:04:52'),
(403, 4, 6, 13, 2, '2025-08-05 03:07:32', '2025-08-05 03:07:32'),
(404, 4, 5, 13, 2, '2025-08-05 03:07:32', '2025-08-05 03:07:32'),
(405, 4, 4, 13, 2, '2025-08-05 03:07:32', '2025-08-05 03:07:32'),
(406, 4, 3, 13, 8, '2025-08-05 03:07:32', '2025-08-05 03:07:32'),
(407, 4, 2, 13, 1, '2025-08-05 03:07:32', '2025-08-05 03:07:32'),
(408, 4, 1, 13, 1, '2025-08-05 03:07:32', '2025-08-05 03:07:32'),
(409, 1, 6, 12, 3, '2025-08-05 03:08:30', '2025-08-05 03:08:30'),
(410, 1, 5, 12, 3, '2025-08-05 03:08:30', '2025-08-05 03:08:30'),
(411, 1, 4, 12, 2, '2025-08-05 03:08:30', '2025-08-05 03:08:30'),
(412, 1, 3, 12, 5, '2025-08-05 03:08:30', '2025-08-05 03:08:30'),
(413, 1, 2, 12, 2, '2025-08-05 03:08:30', '2025-08-05 03:08:30'),
(414, 1, 1, 12, 2, '2025-08-05 03:08:30', '2025-08-05 03:08:30'),
(415, 2, 6, 19, 4, '2025-08-05 03:09:40', '2025-08-05 03:09:40'),
(416, 2, 5, 19, 2, '2025-08-05 03:09:40', '2025-08-05 03:09:40'),
(417, 2, 4, 19, 2, '2025-08-05 03:09:40', '2025-08-05 03:09:40'),
(418, 2, 3, 19, 2, '2025-08-05 03:09:40', '2025-08-05 03:09:40'),
(419, 2, 2, 19, 2, '2025-08-05 03:09:40', '2025-08-05 03:09:40'),
(420, 2, 1, 19, 2, '2025-08-05 03:09:40', '2025-08-05 03:09:40'),
(421, 5, 6, 22, 3, '2025-08-05 03:10:41', '2025-08-05 03:10:41'),
(422, 5, 5, 22, 3, '2025-08-05 03:10:41', '2025-08-05 03:10:41'),
(423, 5, 4, 22, 1, '2025-08-05 03:10:41', '2025-08-05 03:10:41'),
(424, 5, 3, 22, 8, '2025-08-05 03:10:41', '2025-08-05 03:10:41'),
(425, 5, 2, 22, 1, '2025-08-05 03:10:41', '2025-08-05 03:10:41'),
(426, 5, 1, 22, 1, '2025-08-05 03:10:41', '2025-08-05 03:10:41'),
(427, 5, 6, 23, 3, '2025-08-05 03:12:53', '2025-08-05 03:12:53'),
(428, 5, 5, 23, 3, '2025-08-05 03:12:53', '2025-08-05 03:12:53'),
(429, 5, 4, 23, 2, '2025-08-05 03:12:53', '2025-08-05 03:12:53'),
(430, 5, 3, 23, 8, '2025-08-05 03:12:53', '2025-08-05 03:12:53'),
(431, 5, 2, 23, 2, '2025-08-05 03:12:53', '2025-08-05 03:12:53'),
(432, 5, 1, 23, 1, '2025-08-05 03:12:53', '2025-08-05 03:12:53'),
(433, 5, 6, 24, 3, '2025-08-05 03:14:12', '2025-08-05 03:14:12'),
(434, 5, 5, 24, 3, '2025-08-05 03:14:12', '2025-08-05 03:14:12'),
(435, 5, 4, 24, 2, '2025-08-05 03:14:12', '2025-08-05 03:14:12'),
(436, 5, 3, 24, 5, '2025-08-05 03:14:12', '2025-08-05 03:14:12'),
(437, 5, 2, 24, 2, '2025-08-05 03:14:12', '2025-08-05 03:14:12'),
(438, 5, 1, 24, 1, '2025-08-05 03:14:12', '2025-08-05 03:14:12'),
(439, 1, 6, 13, 4, '2025-08-05 03:17:01', '2025-08-05 03:17:01'),
(440, 1, 5, 13, 2, '2025-08-05 03:17:01', '2025-08-05 03:17:01'),
(441, 1, 4, 13, 2, '2025-08-05 03:17:01', '2025-08-05 03:17:01'),
(442, 1, 3, 13, 9, '2025-08-05 03:17:01', '2025-08-05 03:17:01'),
(443, 1, 2, 13, 1, '2025-08-05 03:17:01', '2025-08-05 03:17:01'),
(444, 1, 1, 13, 2, '2025-08-05 03:17:01', '2025-08-05 03:17:01'),
(445, 4, 6, 14, 2, '2025-08-05 03:18:53', '2025-08-05 03:18:53'),
(446, 4, 5, 14, 2, '2025-08-05 03:18:53', '2025-08-05 03:18:53'),
(447, 4, 4, 14, 2, '2025-08-05 03:18:53', '2025-08-05 03:18:53'),
(448, 4, 3, 14, 8, '2025-08-05 03:18:53', '2025-08-05 03:18:53'),
(449, 4, 2, 14, 2, '2025-08-05 03:18:53', '2025-08-05 03:18:53'),
(450, 4, 1, 14, 2, '2025-08-05 03:18:53', '2025-08-05 03:18:53'),
(451, 2, 6, 20, 4, '2025-08-05 03:20:10', '2025-08-05 03:20:10'),
(452, 2, 5, 20, 2, '2025-08-05 03:20:10', '2025-08-05 03:20:10'),
(453, 2, 4, 20, 2, '2025-08-05 03:20:10', '2025-08-05 03:20:10'),
(454, 2, 3, 20, 8, '2025-08-05 03:20:10', '2025-08-05 03:20:10'),
(455, 2, 2, 20, 1, '2025-08-05 03:20:10', '2025-08-05 03:20:10'),
(456, 2, 1, 20, 1, '2025-08-05 03:20:10', '2025-08-05 03:20:10'),
(457, 5, 6, 25, 3, '2025-08-05 03:20:54', '2025-08-05 03:20:54'),
(458, 5, 5, 25, 3, '2025-08-05 03:20:54', '2025-08-05 03:20:54'),
(459, 5, 4, 25, 2, '2025-08-05 03:20:54', '2025-08-05 03:20:54'),
(460, 5, 3, 25, 4, '2025-08-05 03:20:54', '2025-08-05 03:20:54'),
(461, 5, 2, 25, 2, '2025-08-05 03:20:54', '2025-08-05 03:20:54'),
(462, 5, 1, 25, 1, '2025-08-05 03:20:54', '2025-08-05 03:20:54'),
(463, 1, 6, 14, 4, '2025-08-05 03:22:35', '2025-08-05 03:22:35'),
(464, 1, 5, 14, 2, '2025-08-05 03:22:35', '2025-08-05 03:22:35'),
(465, 1, 4, 14, 2, '2025-08-05 03:22:35', '2025-08-05 03:22:35'),
(466, 1, 3, 14, 8, '2025-08-05 03:22:35', '2025-08-05 03:22:35'),
(467, 1, 2, 14, 2, '2025-08-05 03:22:35', '2025-08-05 03:22:35'),
(468, 1, 1, 14, 1, '2025-08-05 03:22:35', '2025-08-05 03:22:35'),
(469, 2, 6, 21, 3, '2025-08-05 03:23:18', '2025-08-05 03:23:18'),
(470, 2, 5, 21, 4, '2025-08-05 03:23:18', '2025-08-05 03:23:18'),
(471, 2, 4, 21, 1, '2025-08-05 03:23:18', '2025-08-05 03:23:18'),
(472, 2, 3, 21, 8, '2025-08-05 03:23:18', '2025-08-05 03:23:18'),
(473, 2, 2, 21, 2, '2025-08-05 03:23:18', '2025-08-05 03:23:18'),
(474, 2, 1, 21, 1, '2025-08-05 03:23:18', '2025-08-05 03:23:18'),
(475, 1, 6, 15, 4, '2025-08-05 03:24:04', '2025-08-05 03:24:04'),
(476, 1, 5, 15, 2, '2025-08-05 03:24:04', '2025-08-05 03:24:04'),
(477, 1, 4, 15, 2, '2025-08-05 03:24:04', '2025-08-05 03:24:04'),
(478, 1, 3, 15, 8, '2025-08-05 03:24:04', '2025-08-05 03:24:04'),
(479, 1, 2, 15, 1, '2025-08-05 03:24:04', '2025-08-05 03:24:04'),
(480, 1, 1, 15, 2, '2025-08-05 03:24:04', '2025-08-05 03:24:04'),
(481, 5, 6, 26, 3, '2025-08-05 03:24:57', '2025-08-05 03:24:57'),
(482, 5, 5, 26, 2, '2025-08-05 03:24:57', '2025-08-05 03:24:57'),
(483, 5, 4, 26, 2, '2025-08-05 03:24:57', '2025-08-05 03:24:57'),
(484, 5, 3, 26, 9, '2025-08-05 03:24:57', '2025-08-05 03:24:57'),
(485, 5, 2, 26, 2, '2025-08-05 03:24:57', '2025-08-05 03:24:57'),
(486, 5, 1, 26, 2, '2025-08-05 03:24:57', '2025-08-05 03:24:57'),
(487, 2, 6, 22, 4, '2025-08-05 03:25:59', '2025-08-05 03:25:59'),
(488, 2, 5, 22, 3, '2025-08-05 03:25:59', '2025-08-05 03:25:59'),
(489, 2, 4, 22, 2, '2025-08-05 03:25:59', '2025-08-05 03:25:59'),
(490, 2, 3, 22, 5, '2025-08-05 03:25:59', '2025-08-05 03:25:59'),
(491, 2, 2, 22, 2, '2025-08-05 03:25:59', '2025-08-05 03:25:59'),
(492, 2, 1, 22, 1, '2025-08-05 03:25:59', '2025-08-05 03:25:59'),
(493, 4, 6, 15, 3, '2025-08-05 03:26:45', '2025-08-05 03:26:45'),
(494, 4, 5, 15, 2, '2025-08-05 03:26:45', '2025-08-05 03:26:45'),
(495, 4, 4, 15, 2, '2025-08-05 03:26:45', '2025-08-05 03:26:45'),
(496, 4, 3, 15, 8, '2025-08-05 03:26:45', '2025-08-05 03:26:45'),
(497, 4, 2, 15, 2, '2025-08-05 03:26:45', '2025-08-05 03:26:45'),
(498, 4, 1, 15, 2, '2025-08-05 03:26:45', '2025-08-05 03:26:45'),
(499, 1, 6, 16, 3, '2025-08-05 03:27:56', '2025-08-05 03:27:56'),
(500, 1, 5, 16, 4, '2025-08-05 03:27:56', '2025-08-05 03:27:56'),
(501, 1, 4, 16, 2, '2025-08-05 03:27:56', '2025-08-05 03:27:56'),
(502, 1, 3, 16, 5, '2025-08-05 03:27:56', '2025-08-05 03:27:56'),
(503, 1, 2, 16, 1, '2025-08-05 03:27:56', '2025-08-05 03:27:56'),
(504, 1, 1, 16, 1, '2025-08-05 03:27:56', '2025-08-05 03:27:56'),
(505, 2, 6, 23, 4, '2025-08-05 03:29:21', '2025-08-05 03:29:21'),
(506, 2, 5, 23, 3, '2025-08-05 03:29:21', '2025-08-05 03:29:21'),
(507, 2, 4, 23, 2, '2025-08-05 03:29:21', '2025-08-05 03:29:21'),
(508, 2, 3, 23, 8, '2025-08-05 03:29:21', '2025-08-05 03:29:21'),
(509, 2, 2, 23, 1, '2025-08-05 03:29:21', '2025-08-05 03:29:21'),
(510, 2, 1, 23, 1, '2025-08-05 03:29:21', '2025-08-05 03:29:21'),
(511, 4, 6, 16, 3, '2025-08-05 03:30:11', '2025-08-05 03:30:11'),
(512, 4, 5, 16, 1, '2025-08-05 03:30:11', '2025-08-05 03:30:11'),
(513, 4, 4, 16, 2, '2025-08-05 03:30:11', '2025-08-05 03:30:11'),
(514, 4, 3, 16, 8, '2025-08-05 03:30:11', '2025-08-05 03:30:11'),
(515, 4, 2, 16, 2, '2025-08-05 03:30:11', '2025-08-05 03:30:11'),
(516, 4, 1, 16, 2, '2025-08-05 03:30:11', '2025-08-05 03:30:11'),
(517, 5, 6, 27, 3, '2025-08-05 03:30:55', '2025-08-05 03:30:55'),
(518, 5, 5, 27, 2, '2025-08-05 03:30:55', '2025-08-05 03:30:55'),
(519, 5, 4, 27, 1, '2025-08-05 03:30:55', '2025-08-05 03:30:55'),
(520, 5, 3, 27, 8, '2025-08-05 03:30:55', '2025-08-05 03:30:55'),
(521, 5, 2, 27, 2, '2025-08-05 03:30:55', '2025-08-05 03:30:55'),
(522, 5, 1, 27, 1, '2025-08-05 03:30:55', '2025-08-05 03:30:55'),
(523, 5, 6, 28, 4, '2025-08-05 03:32:49', '2025-08-05 03:32:49'),
(524, 5, 5, 28, 1, '2025-08-05 03:32:49', '2025-08-05 03:32:49'),
(525, 5, 4, 28, 2, '2025-08-05 03:32:49', '2025-08-05 03:32:49'),
(526, 5, 3, 28, 8, '2025-08-05 03:32:49', '2025-08-05 03:32:49'),
(527, 5, 2, 28, 1, '2025-08-05 03:32:49', '2025-08-05 03:32:49'),
(528, 5, 1, 28, 3, '2025-08-05 03:32:49', '2025-08-05 03:32:49'),
(529, 2, 6, 24, 4, '2025-08-05 03:33:47', '2025-08-05 03:33:47'),
(530, 2, 5, 24, 2, '2025-08-05 03:33:47', '2025-08-05 03:33:47'),
(531, 2, 4, 24, 1, '2025-08-05 03:33:47', '2025-08-05 03:33:47'),
(532, 2, 3, 24, 8, '2025-08-05 03:33:47', '2025-08-05 03:33:47'),
(533, 2, 2, 24, 2, '2025-08-05 03:33:47', '2025-08-05 03:33:47'),
(534, 2, 1, 24, 2, '2025-08-05 03:33:47', '2025-08-05 03:33:47'),
(535, 2, 6, 25, 4, '2025-08-05 03:34:30', '2025-08-05 03:34:30'),
(536, 2, 5, 25, 2, '2025-08-05 03:34:30', '2025-08-05 03:34:30'),
(537, 2, 4, 25, 2, '2025-08-05 03:34:30', '2025-08-05 03:34:30'),
(538, 2, 3, 25, 8, '2025-08-05 03:34:30', '2025-08-05 03:34:30'),
(539, 2, 2, 25, 1, '2025-08-05 03:34:30', '2025-08-05 03:34:30'),
(540, 2, 1, 25, 1, '2025-08-05 03:34:30', '2025-08-05 03:34:30'),
(541, 2, 6, 26, 4, '2025-08-05 03:35:50', '2025-08-05 03:35:50'),
(542, 2, 5, 26, 2, '2025-08-05 03:35:50', '2025-08-05 03:35:50'),
(543, 2, 4, 26, 2, '2025-08-05 03:35:50', '2025-08-05 03:35:50'),
(544, 2, 3, 26, 8, '2025-08-05 03:35:50', '2025-08-05 03:35:50'),
(545, 2, 2, 26, 1, '2025-08-05 03:35:50', '2025-08-05 03:35:50'),
(546, 2, 1, 26, 1, '2025-08-05 03:35:50', '2025-08-05 03:35:50'),
(547, 4, 6, 17, 2, '2025-08-05 03:37:54', '2025-08-05 03:37:54'),
(548, 4, 5, 17, 3, '2025-08-05 03:37:54', '2025-08-05 03:37:54'),
(549, 4, 4, 17, 2, '2025-08-05 03:37:54', '2025-08-05 03:37:54'),
(550, 4, 3, 17, 8, '2025-08-05 03:37:54', '2025-08-05 03:37:54'),
(551, 4, 2, 17, 1, '2025-08-05 03:37:54', '2025-08-05 03:37:54'),
(552, 4, 1, 17, 2, '2025-08-05 03:37:54', '2025-08-05 03:37:54'),
(553, 5, 6, 29, 3, '2025-08-05 03:39:11', '2025-08-05 03:39:11'),
(554, 5, 5, 29, 2, '2025-08-05 03:39:11', '2025-08-05 03:39:11'),
(555, 5, 4, 29, 2, '2025-08-05 03:39:11', '2025-08-05 03:39:11'),
(556, 5, 3, 29, 8, '2025-08-05 03:39:11', '2025-08-05 03:39:11'),
(557, 5, 2, 29, 2, '2025-08-05 03:39:11', '2025-08-05 03:39:11'),
(558, 5, 1, 29, 1, '2025-08-05 03:39:11', '2025-08-05 03:39:11'),
(559, 5, 6, 30, 3, '2025-08-05 03:40:24', '2025-08-05 03:40:24'),
(560, 5, 5, 30, 3, '2025-08-05 03:40:24', '2025-08-05 03:40:24'),
(561, 5, 4, 30, 2, '2025-08-05 03:40:24', '2025-08-05 03:40:24'),
(562, 5, 3, 30, 8, '2025-08-05 03:40:24', '2025-08-05 03:40:24'),
(563, 5, 2, 30, 2, '2025-08-05 03:40:24', '2025-08-05 03:40:24'),
(564, 5, 1, 30, 1, '2025-08-05 03:40:24', '2025-08-05 03:40:24'),
(565, 1, 6, 17, 4, '2025-08-05 03:41:19', '2025-08-05 03:41:19'),
(566, 1, 5, 17, 3, '2025-08-05 03:41:19', '2025-08-05 03:41:19'),
(567, 1, 4, 17, 2, '2025-08-05 03:41:19', '2025-08-05 03:41:19'),
(568, 1, 3, 17, 5, '2025-08-05 03:41:19', '2025-08-05 03:41:19'),
(569, 1, 2, 17, 2, '2025-08-05 03:41:19', '2025-08-05 03:41:19'),
(570, 1, 1, 17, 1, '2025-08-05 03:41:19', '2025-08-05 03:41:19'),
(571, 5, 6, 31, 3, '2025-08-05 03:42:04', '2025-08-05 03:42:04'),
(572, 5, 5, 31, 3, '2025-08-05 03:42:04', '2025-08-05 03:42:04'),
(573, 5, 4, 31, 2, '2025-08-05 03:42:04', '2025-08-05 03:42:04'),
(574, 5, 3, 31, 8, '2025-08-05 03:42:04', '2025-08-05 03:42:04'),
(575, 5, 2, 31, 2, '2025-08-05 03:42:04', '2025-08-05 03:42:04'),
(576, 5, 1, 31, 1, '2025-08-05 03:42:04', '2025-08-05 03:42:04'),
(577, 2, 6, 27, 4, '2025-08-05 03:42:47', '2025-08-05 03:42:47'),
(578, 2, 5, 27, 3, '2025-08-05 03:42:47', '2025-08-05 03:42:47'),
(579, 2, 4, 27, 2, '2025-08-05 03:42:47', '2025-08-05 03:42:47'),
(580, 2, 3, 27, 8, '2025-08-05 03:42:47', '2025-08-05 03:42:47'),
(581, 2, 2, 27, 2, '2025-08-05 03:42:47', '2025-08-05 03:42:47'),
(582, 2, 1, 27, 1, '2025-08-05 03:42:47', '2025-08-05 03:42:47'),
(583, 2, 6, 28, 4, '2025-08-05 03:44:31', '2025-08-05 03:44:31'),
(584, 2, 5, 28, 3, '2025-08-05 03:44:31', '2025-08-05 03:44:31'),
(585, 2, 4, 28, 2, '2025-08-05 03:44:31', '2025-08-05 03:44:31'),
(586, 2, 3, 28, 8, '2025-08-05 03:44:31', '2025-08-05 03:44:31'),
(587, 2, 2, 28, 2, '2025-08-05 03:44:31', '2025-08-05 03:44:31'),
(588, 2, 1, 28, 1, '2025-08-05 03:44:31', '2025-08-05 03:44:31'),
(589, 1, 6, 18, 4, '2025-08-05 03:45:30', '2025-08-05 03:45:30'),
(590, 1, 5, 18, 4, '2025-08-05 03:45:30', '2025-08-05 03:45:30'),
(591, 1, 4, 18, 2, '2025-08-05 03:45:30', '2025-08-05 03:45:30'),
(592, 1, 3, 18, 8, '2025-08-05 03:45:30', '2025-08-05 03:45:30'),
(593, 1, 2, 18, 2, '2025-08-05 03:45:30', '2025-08-05 03:45:30'),
(594, 1, 1, 18, 1, '2025-08-05 03:45:30', '2025-08-05 03:45:30'),
(595, 5, 6, 32, 3, '2025-08-05 03:46:57', '2025-08-05 03:46:57'),
(596, 5, 5, 32, 2, '2025-08-05 03:46:57', '2025-08-05 03:46:57'),
(597, 5, 4, 32, 2, '2025-08-05 03:46:57', '2025-08-05 03:46:57'),
(598, 5, 3, 32, 8, '2025-08-05 03:46:57', '2025-08-05 03:46:57'),
(599, 5, 2, 32, 2, '2025-08-05 03:46:57', '2025-08-05 03:46:57'),
(600, 5, 1, 32, 1, '2025-08-05 03:46:57', '2025-08-05 03:46:57'),
(601, 4, 6, 18, 1, '2025-08-28 02:53:48', '2025-08-28 02:53:48'),
(602, 4, 5, 18, 1, '2025-08-28 02:53:48', '2025-08-28 02:53:48'),
(603, 4, 4, 18, 2, '2025-08-28 02:53:48', '2025-08-28 02:53:48'),
(604, 4, 3, 18, 9, '2025-08-28 02:53:48', '2025-08-28 02:53:48'),
(605, 4, 2, 18, 2, '2025-08-28 02:53:48', '2025-08-28 02:53:48'),
(606, 4, 1, 18, 1, '2025-08-28 02:53:48', '2025-08-28 02:53:48'),
(607, 5, 6, 33, 2, '2025-08-28 16:40:31', '2025-08-28 16:40:31'),
(608, 5, 5, 33, 2, '2025-08-28 16:40:31', '2025-08-28 16:40:31'),
(609, 5, 4, 33, 2, '2025-08-28 16:40:31', '2025-08-28 16:40:31'),
(610, 5, 3, 33, 8, '2025-08-28 16:40:31', '2025-08-28 16:40:31'),
(611, 5, 2, 33, 2, '2025-08-28 16:40:31', '2025-08-28 16:40:31'),
(612, 5, 1, 33, 3, '2025-08-28 16:40:31', '2025-08-28 16:40:31'),
(613, 1, 6, 19, 3, '2025-08-28 16:41:09', '2025-08-28 16:41:09'),
(614, 1, 5, 19, 3, '2025-08-28 16:41:09', '2025-08-28 16:41:09'),
(615, 1, 4, 19, 2, '2025-08-28 16:41:09', '2025-08-28 16:41:09'),
(616, 1, 3, 19, 9, '2025-08-28 16:41:09', '2025-08-28 16:41:09'),
(617, 1, 2, 19, 2, '2025-08-28 16:41:09', '2025-08-28 16:41:09'),
(618, 1, 1, 19, 3, '2025-08-28 16:41:09', '2025-08-28 16:41:09'),
(619, 4, 6, 19, 1, '2025-08-28 16:41:47', '2025-08-28 16:41:47'),
(620, 4, 5, 19, 2, '2025-08-28 16:41:47', '2025-08-28 16:41:47'),
(621, 4, 4, 19, 1, '2025-08-28 16:41:47', '2025-08-28 16:41:47'),
(622, 4, 3, 19, 8, '2025-08-28 16:41:47', '2025-08-28 16:41:47'),
(623, 4, 2, 19, 1, '2025-08-28 16:41:47', '2025-08-28 16:41:47'),
(624, 4, 1, 19, 2, '2025-08-28 16:41:47', '2025-08-28 16:41:47'),
(625, 2, 6, 29, 4, '2025-08-28 16:42:29', '2025-08-28 16:42:29'),
(626, 2, 5, 29, 4, '2025-08-28 16:42:29', '2025-08-28 16:42:29'),
(627, 2, 4, 29, 2, '2025-08-28 16:42:29', '2025-08-28 16:42:29'),
(628, 2, 3, 29, 2, '2025-08-28 16:42:29', '2025-08-28 16:42:29'),
(629, 2, 2, 29, 1, '2025-08-28 16:42:29', '2025-08-28 16:42:29'),
(630, 2, 1, 29, 3, '2025-08-28 16:42:29', '2025-08-28 16:42:29'),
(631, 3, 6, 1, 4, '2025-08-28 16:42:59', '2025-08-28 16:42:59'),
(632, 3, 5, 1, 4, '2025-08-28 16:42:59', '2025-08-28 16:42:59'),
(633, 3, 4, 1, 2, '2025-08-28 16:42:59', '2025-08-28 16:42:59'),
(634, 3, 3, 1, 4, '2025-08-28 16:42:59', '2025-08-28 16:42:59'),
(635, 3, 2, 1, 2, '2025-08-28 16:42:59', '2025-08-28 16:42:59'),
(636, 3, 1, 1, 3, '2025-08-28 16:42:59', '2025-08-28 16:42:59'),
(637, 4, 6, 20, 1, '2025-08-28 16:43:35', '2025-08-28 16:43:35'),
(638, 4, 5, 20, 1, '2025-08-28 16:43:35', '2025-08-28 16:43:35'),
(639, 4, 4, 20, 1, '2025-08-28 16:43:35', '2025-08-28 16:43:35'),
(640, 4, 3, 20, 8, '2025-08-28 16:43:35', '2025-08-28 16:43:35'),
(641, 4, 2, 20, 2, '2025-08-28 16:43:35', '2025-08-28 16:43:35'),
(642, 4, 1, 20, 1, '2025-08-28 16:43:35', '2025-08-28 16:43:35'),
(643, 1, 6, 20, 3, '2025-08-28 16:44:14', '2025-08-28 16:44:14'),
(644, 1, 5, 20, 3, '2025-08-28 16:44:14', '2025-08-28 16:44:14'),
(645, 1, 4, 20, 2, '2025-08-28 16:44:14', '2025-08-28 16:44:14'),
(646, 1, 3, 20, 1, '2025-08-28 16:44:14', '2025-08-28 16:44:14'),
(647, 1, 2, 20, 1, '2025-08-28 16:44:14', '2025-08-28 16:44:14'),
(648, 1, 1, 20, 2, '2025-08-28 16:44:14', '2025-08-28 16:44:14'),
(649, 5, 6, 34, 2, '2025-08-28 16:44:57', '2025-08-28 16:44:57'),
(650, 5, 5, 34, 2, '2025-08-28 16:44:57', '2025-08-28 16:44:57'),
(651, 5, 4, 34, 1, '2025-08-28 16:44:57', '2025-08-28 16:44:57'),
(652, 5, 3, 34, 8, '2025-08-28 16:44:57', '2025-08-28 16:44:57'),
(653, 5, 2, 34, 2, '2025-08-28 16:44:57', '2025-08-28 16:44:57'),
(654, 5, 1, 34, 2, '2025-08-28 16:44:57', '2025-08-28 16:44:57'),
(655, 2, 6, 30, 4, '2025-08-28 16:45:42', '2025-08-28 16:45:42'),
(656, 2, 5, 30, 4, '2025-08-28 16:45:42', '2025-08-28 16:45:42'),
(657, 2, 4, 30, 2, '2025-08-28 16:45:42', '2025-08-28 16:45:42'),
(658, 2, 3, 30, 7, '2025-08-28 16:45:42', '2025-08-28 16:45:42'),
(659, 2, 2, 30, 1, '2025-08-28 16:45:42', '2025-08-28 16:45:42'),
(660, 2, 1, 30, 3, '2025-08-28 16:45:42', '2025-08-28 16:45:42'),
(661, 4, 6, 21, 1, '2025-08-28 16:46:17', '2025-08-28 16:46:17'),
(662, 4, 5, 21, 2, '2025-08-28 16:46:17', '2025-08-28 16:46:17'),
(663, 4, 4, 21, 1, '2025-08-28 16:46:17', '2025-08-28 16:46:17'),
(664, 4, 3, 21, 8, '2025-08-28 16:46:17', '2025-08-28 16:46:17'),
(665, 4, 2, 21, 1, '2025-08-28 16:46:17', '2025-08-28 16:46:17'),
(666, 4, 1, 21, 1, '2025-08-28 16:46:17', '2025-08-28 16:46:17'),
(667, 5, 6, 35, 2, '2025-08-28 16:46:47', '2025-08-28 16:46:47'),
(668, 5, 5, 35, 3, '2025-08-28 16:46:47', '2025-08-28 16:46:47'),
(669, 5, 4, 35, 2, '2025-08-28 16:46:47', '2025-08-28 16:46:47'),
(670, 5, 3, 35, 9, '2025-08-28 16:46:47', '2025-08-28 16:46:47'),
(671, 5, 2, 35, 2, '2025-08-28 16:46:47', '2025-08-28 16:46:47'),
(672, 5, 1, 35, 3, '2025-08-28 16:46:47', '2025-08-28 16:46:47'),
(673, 1, 6, 21, 3, '2025-08-28 16:48:06', '2025-08-28 16:48:06'),
(674, 1, 5, 21, 2, '2025-08-28 16:48:06', '2025-08-28 16:48:06'),
(675, 1, 4, 21, 2, '2025-08-28 16:48:06', '2025-08-28 16:48:06'),
(676, 1, 3, 21, 2, '2025-08-28 16:48:06', '2025-08-28 16:48:06'),
(677, 1, 2, 21, 2, '2025-08-28 16:48:06', '2025-08-28 16:48:06'),
(678, 1, 1, 21, 2, '2025-08-28 16:48:06', '2025-08-28 16:48:06'),
(679, 3, 6, 2, 3, '2025-08-28 16:48:47', '2025-08-28 16:48:47'),
(680, 3, 5, 2, 4, '2025-08-28 16:48:47', '2025-08-28 16:48:47'),
(681, 3, 4, 2, 2, '2025-08-28 16:48:47', '2025-08-28 16:48:47'),
(682, 3, 3, 2, 3, '2025-08-28 16:48:47', '2025-08-28 16:48:47'),
(683, 3, 2, 2, 1, '2025-08-28 16:48:47', '2025-08-28 16:48:47'),
(684, 3, 1, 2, 3, '2025-08-28 16:48:47', '2025-08-28 16:48:47'),
(685, 4, 6, 22, 1, '2025-08-28 16:49:24', '2025-08-28 16:49:24'),
(686, 4, 5, 22, 1, '2025-08-28 16:49:24', '2025-08-28 16:49:24'),
(687, 4, 4, 22, 1, '2025-08-28 16:49:24', '2025-08-28 16:49:24'),
(688, 4, 3, 22, 8, '2025-08-28 16:49:24', '2025-08-28 16:49:24'),
(689, 4, 2, 22, 2, '2025-08-28 16:49:24', '2025-08-28 16:49:24'),
(690, 4, 1, 22, 1, '2025-08-28 16:49:24', '2025-08-28 16:49:24'),
(691, 1, 6, 22, 3, '2025-08-28 16:53:19', '2025-08-28 16:53:19'),
(692, 1, 5, 22, 3, '2025-08-28 16:53:19', '2025-08-28 16:53:19'),
(693, 1, 4, 22, 2, '2025-08-28 16:53:19', '2025-08-28 16:53:19'),
(694, 1, 3, 22, 6, '2025-08-28 16:53:19', '2025-08-28 16:53:19'),
(695, 1, 2, 22, 2, '2025-08-28 16:53:19', '2025-08-28 16:53:19'),
(696, 1, 1, 22, 3, '2025-08-28 16:53:19', '2025-08-28 16:53:19'),
(697, 5, 6, 36, 2, '2025-08-28 16:53:47', '2025-08-28 16:53:47'),
(698, 5, 5, 36, 2, '2025-08-28 16:53:47', '2025-08-28 16:53:47'),
(699, 5, 4, 36, 1, '2025-08-28 16:53:47', '2025-08-28 16:53:47'),
(700, 5, 3, 36, 8, '2025-08-28 16:53:47', '2025-08-28 16:53:47'),
(701, 5, 2, 36, 1, '2025-08-28 16:53:47', '2025-08-28 16:53:47'),
(702, 5, 1, 36, 2, '2025-08-28 16:53:47', '2025-08-28 16:53:47'),
(703, 2, 6, 31, 4, '2025-08-28 16:54:18', '2025-08-28 16:54:18'),
(704, 2, 5, 31, 4, '2025-08-28 16:54:18', '2025-08-28 16:54:18'),
(705, 2, 4, 31, 2, '2025-08-28 16:54:18', '2025-08-28 16:54:18'),
(706, 2, 3, 31, 1, '2025-08-28 16:54:18', '2025-08-28 16:54:18'),
(707, 2, 2, 31, 1, '2025-08-28 16:54:18', '2025-08-28 16:54:18'),
(708, 2, 1, 31, 3, '2025-08-28 16:54:18', '2025-08-28 16:54:18'),
(709, 4, 6, 23, 1, '2025-08-28 16:54:41', '2025-08-28 16:54:41'),
(710, 4, 5, 23, 2, '2025-08-28 16:54:41', '2025-08-28 16:54:41'),
(711, 4, 4, 23, 1, '2025-08-28 16:54:41', '2025-08-28 16:54:41'),
(712, 4, 3, 23, 8, '2025-08-28 16:54:41', '2025-08-28 16:54:41'),
(713, 4, 2, 23, 2, '2025-08-28 16:54:41', '2025-08-28 16:54:41'),
(714, 4, 1, 23, 1, '2025-08-28 16:54:41', '2025-08-28 16:54:41'),
(715, 5, 6, 37, 2, '2025-08-28 16:55:13', '2025-08-28 16:55:13'),
(716, 5, 5, 37, 3, '2025-08-28 16:55:13', '2025-08-28 16:55:13'),
(717, 5, 4, 37, 2, '2025-08-28 16:55:13', '2025-08-28 16:55:13'),
(718, 5, 3, 37, 9, '2025-08-28 16:55:13', '2025-08-28 16:55:13'),
(719, 5, 2, 37, 1, '2025-08-28 16:55:13', '2025-08-28 16:55:13'),
(720, 5, 1, 37, 3, '2025-08-28 16:55:13', '2025-08-28 16:55:13'),
(721, 1, 6, 23, 3, '2025-08-28 16:55:44', '2025-08-28 16:55:44'),
(722, 1, 5, 23, 2, '2025-08-28 16:55:44', '2025-08-28 16:55:44'),
(723, 1, 4, 23, 2, '2025-08-28 16:55:44', '2025-08-28 16:55:44'),
(724, 1, 3, 23, 2, '2025-08-28 16:55:44', '2025-08-28 16:55:44'),
(725, 1, 2, 23, 2, '2025-08-28 16:55:44', '2025-08-28 16:55:44'),
(726, 1, 1, 23, 2, '2025-08-28 16:55:44', '2025-08-28 16:55:44'),
(727, 3, 6, 3, 4, '2025-08-29 05:32:01', '2025-08-29 05:32:01'),
(728, 3, 5, 3, 4, '2025-08-29 05:32:01', '2025-08-29 05:32:01'),
(729, 3, 4, 3, 2, '2025-08-29 05:32:01', '2025-08-29 05:32:01'),
(730, 3, 3, 3, 4, '2025-08-29 05:32:01', '2025-08-29 05:32:01'),
(731, 3, 2, 3, 1, '2025-08-29 05:32:01', '2025-08-29 05:32:01'),
(732, 3, 1, 3, 3, '2025-08-29 05:32:01', '2025-08-29 05:32:01'),
(733, 4, 6, 24, 1, '2025-08-29 05:32:30', '2025-08-29 05:32:30'),
(734, 4, 5, 24, 1, '2025-08-29 05:32:30', '2025-08-29 05:32:30'),
(735, 4, 4, 24, 1, '2025-08-29 05:32:30', '2025-08-29 05:32:30'),
(736, 4, 3, 24, 8, '2025-08-29 05:32:30', '2025-08-29 05:32:30'),
(737, 4, 2, 24, 2, '2025-08-29 05:32:30', '2025-08-29 05:32:30'),
(738, 4, 1, 24, 1, '2025-08-29 05:32:30', '2025-08-29 05:32:30'),
(739, 1, 6, 24, 3, '2025-08-29 05:33:03', '2025-08-29 05:33:03'),
(740, 1, 5, 24, 3, '2025-08-29 05:33:03', '2025-08-29 05:33:03'),
(741, 1, 4, 24, 2, '2025-08-29 05:33:03', '2025-08-29 05:33:03'),
(742, 1, 3, 24, 7, '2025-08-29 05:33:03', '2025-08-29 05:33:03'),
(743, 1, 2, 24, 1, '2025-08-29 05:33:03', '2025-08-29 05:33:03'),
(744, 1, 1, 24, 2, '2025-08-29 05:33:03', '2025-08-29 05:33:03'),
(745, 5, 6, 38, 2, '2025-08-29 05:34:31', '2025-08-29 05:34:31'),
(746, 5, 5, 38, 2, '2025-08-29 05:34:31', '2025-08-29 05:34:31'),
(747, 5, 4, 38, 1, '2025-08-29 05:34:31', '2025-08-29 05:34:31'),
(748, 5, 3, 38, 8, '2025-08-29 05:34:31', '2025-08-29 05:34:31'),
(749, 5, 2, 38, 2, '2025-08-29 05:34:31', '2025-08-29 05:34:31'),
(750, 5, 1, 38, 2, '2025-08-29 05:34:31', '2025-08-29 05:34:31'),
(751, 2, 6, 32, 4, '2025-08-29 05:35:02', '2025-08-29 05:35:02'),
(752, 2, 5, 32, 4, '2025-08-29 05:35:02', '2025-08-29 05:35:02'),
(753, 2, 4, 32, 2, '2025-08-29 05:35:02', '2025-08-29 05:35:02'),
(754, 2, 3, 32, 6, '2025-08-29 05:35:02', '2025-08-29 05:35:02'),
(755, 2, 2, 32, 2, '2025-08-29 05:35:02', '2025-08-29 05:35:02'),
(756, 2, 1, 32, 3, '2025-08-29 05:35:02', '2025-08-29 05:35:02'),
(757, 4, 6, 25, 1, '2025-08-29 05:35:30', '2025-08-29 05:35:30'),
(758, 4, 5, 25, 2, '2025-08-29 05:35:30', '2025-08-29 05:35:30'),
(759, 4, 4, 25, 1, '2025-08-29 05:35:30', '2025-08-29 05:35:30'),
(760, 4, 3, 25, 8, '2025-08-29 05:35:30', '2025-08-29 05:35:30'),
(761, 4, 2, 25, 1, '2025-08-29 05:35:30', '2025-08-29 05:35:30'),
(762, 4, 1, 25, 1, '2025-08-29 05:35:30', '2025-08-29 05:35:30'),
(763, 5, 6, 39, 2, '2025-08-29 05:35:59', '2025-08-29 05:35:59'),
(764, 5, 5, 39, 3, '2025-08-29 05:35:59', '2025-08-29 05:35:59'),
(765, 5, 4, 39, 2, '2025-08-29 05:35:59', '2025-08-29 05:35:59'),
(766, 5, 3, 39, 9, '2025-08-29 05:35:59', '2025-08-29 05:35:59'),
(767, 5, 2, 39, 2, '2025-08-29 05:35:59', '2025-08-29 05:35:59'),
(768, 5, 1, 39, 3, '2025-08-29 05:35:59', '2025-08-29 05:35:59'),
(769, 1, 6, 25, 3, '2025-08-29 05:36:29', '2025-08-29 05:36:29'),
(770, 1, 5, 25, 2, '2025-08-29 05:36:29', '2025-08-29 05:36:29'),
(771, 1, 4, 25, 2, '2025-08-29 05:36:29', '2025-08-29 05:36:29'),
(772, 1, 3, 25, 2, '2025-08-29 05:36:29', '2025-08-29 05:36:29'),
(773, 1, 2, 25, 1, '2025-08-29 05:36:29', '2025-08-29 05:36:29'),
(774, 1, 1, 25, 2, '2025-08-29 05:36:29', '2025-08-29 05:36:29'),
(775, 3, 6, 4, 4, '2025-08-29 05:36:54', '2025-08-29 05:36:54'),
(776, 3, 5, 4, 4, '2025-08-29 05:36:54', '2025-08-29 05:36:54'),
(777, 3, 4, 4, 2, '2025-08-29 05:36:54', '2025-08-29 05:36:54'),
(778, 3, 3, 4, 3, '2025-08-29 05:36:54', '2025-08-29 05:36:54'),
(779, 3, 2, 4, 2, '2025-08-29 05:36:54', '2025-08-29 05:36:54'),
(780, 3, 1, 4, 3, '2025-08-29 05:36:54', '2025-08-29 05:36:54'),
(781, 4, 6, 26, 1, '2025-08-29 05:37:21', '2025-08-29 05:37:21'),
(782, 4, 5, 26, 1, '2025-08-29 05:37:21', '2025-08-29 05:37:21'),
(783, 4, 4, 26, 1, '2025-08-29 05:37:21', '2025-08-29 05:37:21'),
(784, 4, 3, 26, 8, '2025-08-29 05:37:21', '2025-08-29 05:37:21');
INSERT INTO `tb_datatraining` (`id_datatraining`, `id_classification`, `id_criteria`, `count`, `nilai`, `created_at`, `updated_at`) VALUES
(785, 4, 2, 26, 1, '2025-08-29 05:37:21', '2025-08-29 05:37:21'),
(786, 4, 1, 26, 1, '2025-08-29 05:37:21', '2025-08-29 05:37:21'),
(787, 1, 6, 26, 3, '2025-09-02 00:37:11', '2025-09-02 00:37:11'),
(788, 1, 5, 26, 3, '2025-09-02 00:37:11', '2025-09-02 00:37:11'),
(789, 1, 4, 26, 2, '2025-09-02 00:37:11', '2025-09-02 00:37:11'),
(790, 1, 3, 26, 8, '2025-09-02 00:37:11', '2025-09-02 00:37:11'),
(791, 1, 2, 26, 1, '2025-09-02 00:37:11', '2025-09-02 00:37:11'),
(792, 1, 1, 26, 2, '2025-09-02 00:37:11', '2025-09-02 00:37:11'),
(793, 5, 6, 40, 2, '2025-09-02 00:37:57', '2025-09-02 00:37:57'),
(794, 5, 5, 40, 2, '2025-09-02 00:37:57', '2025-09-02 00:37:57'),
(795, 5, 4, 40, 1, '2025-09-02 00:37:57', '2025-09-02 00:37:57'),
(796, 5, 3, 40, 8, '2025-09-02 00:37:57', '2025-09-02 00:37:57'),
(797, 5, 2, 40, 1, '2025-09-02 00:37:57', '2025-09-02 00:37:57'),
(798, 5, 1, 40, 2, '2025-09-02 00:37:57', '2025-09-02 00:37:57'),
(799, 2, 6, 33, 4, '2025-09-02 00:38:41', '2025-09-02 00:38:41'),
(800, 2, 5, 33, 4, '2025-09-02 00:38:41', '2025-09-02 00:38:41'),
(801, 2, 4, 33, 2, '2025-09-02 00:38:41', '2025-09-02 00:38:41'),
(802, 2, 3, 33, 4, '2025-09-02 00:38:41', '2025-09-02 00:38:41'),
(803, 2, 2, 33, 1, '2025-09-02 00:38:41', '2025-09-02 00:38:41'),
(804, 2, 1, 33, 3, '2025-09-02 00:38:41', '2025-09-02 00:38:41'),
(805, 4, 6, 27, 1, '2025-09-02 00:39:09', '2025-09-02 00:39:09'),
(806, 4, 5, 27, 2, '2025-09-02 00:39:09', '2025-09-02 00:39:09'),
(807, 4, 4, 27, 1, '2025-09-02 00:39:09', '2025-09-02 00:39:09'),
(808, 4, 3, 27, 8, '2025-09-02 00:39:09', '2025-09-02 00:39:09'),
(809, 4, 2, 27, 2, '2025-09-02 00:39:09', '2025-09-02 00:39:09'),
(810, 4, 1, 27, 1, '2025-09-02 00:39:09', '2025-09-02 00:39:09'),
(811, 5, 6, 41, 2, '2025-09-02 00:39:38', '2025-09-02 00:39:38'),
(812, 5, 5, 41, 3, '2025-09-02 00:39:38', '2025-09-02 00:39:38'),
(813, 5, 4, 41, 2, '2025-09-02 00:39:38', '2025-09-02 00:39:38'),
(814, 5, 3, 41, 9, '2025-09-02 00:39:38', '2025-09-02 00:39:38'),
(815, 5, 2, 41, 1, '2025-09-02 00:39:38', '2025-09-02 00:39:38'),
(816, 5, 1, 41, 3, '2025-09-02 00:39:38', '2025-09-02 00:39:38'),
(817, 1, 6, 27, 3, '2025-09-02 00:40:10', '2025-09-02 00:40:10'),
(818, 1, 5, 27, 2, '2025-09-02 00:40:10', '2025-09-02 00:40:10'),
(819, 1, 4, 27, 2, '2025-09-02 00:40:10', '2025-09-02 00:40:10'),
(820, 1, 3, 27, 2, '2025-09-02 00:40:10', '2025-09-02 00:40:10'),
(821, 1, 2, 27, 2, '2025-09-02 00:40:10', '2025-09-02 00:40:10'),
(822, 1, 1, 27, 2, '2025-09-02 00:40:10', '2025-09-02 00:40:10'),
(823, 3, 6, 5, 4, '2025-09-02 00:40:50', '2025-09-02 00:40:50'),
(824, 3, 5, 5, 3, '2025-09-02 00:40:50', '2025-09-02 00:40:50'),
(825, 3, 4, 5, 2, '2025-09-02 00:40:50', '2025-09-02 00:40:50'),
(826, 3, 3, 5, 7, '2025-09-02 00:40:50', '2025-09-02 00:40:50'),
(827, 3, 2, 5, 2, '2025-09-02 00:40:50', '2025-09-02 00:40:50'),
(828, 3, 1, 5, 3, '2025-09-02 00:40:50', '2025-09-02 00:40:50'),
(829, 4, 6, 28, 1, '2025-09-02 00:41:24', '2025-09-02 00:41:24'),
(830, 4, 5, 28, 3, '2025-09-02 00:41:24', '2025-09-02 00:41:24'),
(831, 4, 4, 28, 1, '2025-09-02 00:41:24', '2025-09-02 00:41:24'),
(832, 4, 3, 28, 8, '2025-09-02 00:41:24', '2025-09-02 00:41:24'),
(833, 4, 2, 28, 1, '2025-09-02 00:41:24', '2025-09-02 00:41:24'),
(834, 4, 1, 28, 1, '2025-09-02 00:41:24', '2025-09-02 00:41:24'),
(835, 1, 6, 28, 3, '2025-09-02 00:41:57', '2025-09-02 00:41:57'),
(836, 1, 5, 28, 3, '2025-09-02 00:41:57', '2025-09-02 00:41:57'),
(837, 1, 4, 28, 2, '2025-09-02 00:41:57', '2025-09-02 00:41:57'),
(838, 1, 3, 28, 6, '2025-09-02 00:41:57', '2025-09-02 00:41:57'),
(839, 1, 2, 28, 1, '2025-09-02 00:41:57', '2025-09-02 00:41:57'),
(840, 1, 1, 28, 2, '2025-09-02 00:41:57', '2025-09-02 00:41:57'),
(841, 5, 6, 42, 2, '2025-09-02 00:42:22', '2025-09-02 00:42:22'),
(842, 5, 5, 42, 2, '2025-09-02 00:42:22', '2025-09-02 00:42:22'),
(843, 5, 4, 42, 1, '2025-09-02 00:42:22', '2025-09-02 00:42:22'),
(844, 5, 3, 42, 8, '2025-09-02 00:42:22', '2025-09-02 00:42:22'),
(845, 5, 2, 42, 2, '2025-09-02 00:42:22', '2025-09-02 00:42:22'),
(846, 5, 1, 42, 2, '2025-09-02 00:42:22', '2025-09-02 00:42:22'),
(847, 2, 6, 34, 4, '2025-09-02 00:42:54', '2025-09-02 00:42:54'),
(848, 2, 5, 34, 4, '2025-09-02 00:42:54', '2025-09-02 00:42:54'),
(849, 2, 4, 34, 2, '2025-09-02 00:42:54', '2025-09-02 00:42:54'),
(850, 2, 3, 34, 1, '2025-09-02 00:42:54', '2025-09-02 00:42:54'),
(851, 2, 2, 34, 2, '2025-09-02 00:42:54', '2025-09-02 00:42:54'),
(852, 2, 1, 34, 3, '2025-09-02 00:42:54', '2025-09-02 00:42:54'),
(853, 4, 6, 29, 1, '2025-09-02 00:43:31', '2025-09-02 00:43:31'),
(854, 4, 5, 29, 2, '2025-09-02 00:43:31', '2025-09-02 00:43:31'),
(855, 4, 4, 29, 1, '2025-09-02 00:43:31', '2025-09-02 00:43:31'),
(856, 4, 3, 29, 8, '2025-09-02 00:43:31', '2025-09-02 00:43:31'),
(857, 4, 2, 29, 1, '2025-09-02 00:43:31', '2025-09-02 00:43:31'),
(858, 4, 1, 29, 1, '2025-09-02 00:43:31', '2025-09-02 00:43:31'),
(859, 5, 6, 43, 2, '2025-09-02 00:44:04', '2025-09-02 00:44:04'),
(860, 5, 5, 43, 3, '2025-09-02 00:44:04', '2025-09-02 00:44:04'),
(861, 5, 4, 43, 2, '2025-09-02 00:44:04', '2025-09-02 00:44:04'),
(862, 5, 3, 43, 9, '2025-09-02 00:44:04', '2025-09-02 00:44:04'),
(863, 5, 2, 43, 2, '2025-09-02 00:44:04', '2025-09-02 00:44:04'),
(864, 5, 1, 43, 3, '2025-09-02 00:44:04', '2025-09-02 00:44:04'),
(865, 1, 6, 29, 3, '2025-09-02 00:44:37', '2025-09-02 00:44:37'),
(866, 1, 5, 29, 2, '2025-09-02 00:44:37', '2025-09-02 00:44:37'),
(867, 1, 4, 29, 2, '2025-09-02 00:44:37', '2025-09-02 00:44:37'),
(868, 1, 3, 29, 2, '2025-09-02 00:44:37', '2025-09-02 00:44:37'),
(869, 1, 2, 29, 1, '2025-09-02 00:44:37', '2025-09-02 00:44:37'),
(870, 1, 1, 29, 2, '2025-09-02 00:44:37', '2025-09-02 00:44:37'),
(871, 3, 6, 6, 4, '2025-09-02 00:45:16', '2025-09-02 00:45:16'),
(872, 3, 5, 6, 4, '2025-09-02 00:45:16', '2025-09-02 00:45:16'),
(873, 3, 4, 6, 2, '2025-09-02 00:45:16', '2025-09-02 00:45:16'),
(874, 3, 3, 6, 3, '2025-09-02 00:45:16', '2025-09-02 00:45:16'),
(875, 3, 2, 6, 1, '2025-09-02 00:45:16', '2025-09-02 00:45:16'),
(876, 3, 1, 6, 3, '2025-09-02 00:45:16', '2025-09-02 00:45:16'),
(877, 4, 6, 30, 1, '2025-09-02 00:46:00', '2025-09-02 00:46:00'),
(878, 4, 5, 30, 1, '2025-09-02 00:46:00', '2025-09-02 00:46:00'),
(879, 4, 4, 30, 1, '2025-09-02 00:46:00', '2025-09-02 00:46:00'),
(880, 4, 3, 30, 8, '2025-09-02 00:46:00', '2025-09-02 00:46:00'),
(881, 4, 2, 30, 2, '2025-09-02 00:46:00', '2025-09-02 00:46:00'),
(882, 4, 1, 30, 1, '2025-09-02 00:46:00', '2025-09-02 00:46:00'),
(883, 1, 6, 30, 3, '2025-09-02 00:46:42', '2025-09-02 00:46:42'),
(884, 1, 5, 30, 3, '2025-09-02 00:46:42', '2025-09-02 00:46:42'),
(885, 1, 4, 30, 2, '2025-09-02 00:46:42', '2025-09-02 00:46:42'),
(886, 1, 3, 30, 4, '2025-09-02 00:46:42', '2025-09-02 00:46:42'),
(887, 1, 2, 30, 2, '2025-09-02 00:46:42', '2025-09-02 00:46:42'),
(888, 1, 1, 30, 2, '2025-09-02 00:46:42', '2025-09-02 00:46:42'),
(889, 5, 6, 44, 2, '2025-09-02 00:47:30', '2025-09-02 00:47:30'),
(890, 5, 5, 44, 2, '2025-09-02 00:47:30', '2025-09-02 00:47:30'),
(891, 5, 4, 44, 1, '2025-09-02 00:47:30', '2025-09-02 00:47:30'),
(892, 5, 3, 44, 8, '2025-09-02 00:47:30', '2025-09-02 00:47:30'),
(893, 5, 2, 44, 1, '2025-09-02 00:47:30', '2025-09-02 00:47:30'),
(894, 5, 1, 44, 2, '2025-09-02 00:47:30', '2025-09-02 00:47:30'),
(895, 2, 6, 35, 4, '2025-09-02 00:48:11', '2025-09-02 00:48:11'),
(896, 2, 5, 35, 4, '2025-09-02 00:48:11', '2025-09-02 00:48:11'),
(897, 2, 4, 35, 2, '2025-09-02 00:48:11', '2025-09-02 00:48:11'),
(898, 2, 3, 35, 7, '2025-09-02 00:48:11', '2025-09-02 00:48:11'),
(899, 2, 2, 35, 1, '2025-09-02 00:48:11', '2025-09-02 00:48:11'),
(900, 2, 1, 35, 3, '2025-09-02 00:48:11', '2025-09-02 00:48:11'),
(901, 4, 6, 31, 1, '2025-09-02 00:48:48', '2025-09-02 00:48:48'),
(902, 4, 5, 31, 2, '2025-09-02 00:48:48', '2025-09-02 00:48:48'),
(903, 4, 4, 31, 1, '2025-09-02 00:48:48', '2025-09-02 00:48:48'),
(904, 4, 3, 31, 8, '2025-09-02 00:48:48', '2025-09-02 00:48:48'),
(905, 4, 2, 31, 2, '2025-09-02 00:48:48', '2025-09-02 00:48:48'),
(906, 4, 1, 31, 1, '2025-09-02 00:48:48', '2025-09-02 00:48:48'),
(907, 5, 6, 45, 3, '2025-09-04 03:17:24', '2025-09-04 03:17:24'),
(908, 5, 5, 45, 2, '2025-09-04 03:17:24', '2025-09-04 03:17:24'),
(909, 5, 4, 45, 2, '2025-09-04 03:17:24', '2025-09-04 03:17:24'),
(910, 5, 3, 45, 6, '2025-09-04 03:17:24', '2025-09-04 03:17:24'),
(911, 5, 2, 45, 2, '2025-09-04 03:17:24', '2025-09-04 03:17:24'),
(912, 5, 1, 45, 2, '2025-09-04 03:17:24', '2025-09-04 03:17:24'),
(913, 1, 6, 31, 3, '2025-09-05 21:47:23', '2025-09-05 21:47:23'),
(914, 1, 5, 31, 3, '2025-09-05 21:47:23', '2025-09-05 21:47:23'),
(915, 1, 4, 31, 2, '2025-09-05 21:47:23', '2025-09-05 21:47:23'),
(916, 1, 3, 31, 3, '2025-09-05 21:47:23', '2025-09-05 21:47:23'),
(917, 1, 2, 31, 2, '2025-09-05 21:47:23', '2025-09-05 21:47:23'),
(918, 1, 1, 31, 1, '2025-09-05 21:47:23', '2025-09-05 21:47:23'),
(919, 2, 6, 36, 3, '2025-09-05 21:48:09', '2025-09-05 21:48:09'),
(920, 2, 5, 36, 3, '2025-09-05 21:48:09', '2025-09-05 21:48:09'),
(921, 2, 4, 36, 2, '2025-09-05 21:48:09', '2025-09-05 21:48:09'),
(922, 2, 3, 36, 3, '2025-09-05 21:48:09', '2025-09-05 21:48:09'),
(923, 2, 2, 36, 1, '2025-09-05 21:48:09', '2025-09-05 21:48:09'),
(924, 2, 1, 36, 2, '2025-09-05 21:48:09', '2025-09-05 21:48:09'),
(925, 2, 6, 37, 3, '2025-09-05 21:51:57', '2025-09-05 21:51:57'),
(926, 2, 5, 37, 4, '2025-09-05 21:51:57', '2025-09-05 21:51:57'),
(927, 2, 4, 37, 2, '2025-09-05 21:51:57', '2025-09-05 21:51:57'),
(928, 2, 3, 37, 7, '2025-09-05 21:51:57', '2025-09-05 21:51:57'),
(929, 2, 2, 37, 2, '2025-09-05 21:51:57', '2025-09-05 21:51:57'),
(930, 2, 1, 37, 2, '2025-09-05 21:51:57', '2025-09-05 21:51:57'),
(931, 2, 6, 38, 3, '2025-09-05 21:52:28', '2025-09-05 21:52:28'),
(932, 2, 5, 38, 4, '2025-09-05 21:52:28', '2025-09-05 21:52:28'),
(933, 2, 4, 38, 2, '2025-09-05 21:52:28', '2025-09-05 21:52:28'),
(934, 2, 3, 38, 7, '2025-09-05 21:52:28', '2025-09-05 21:52:28'),
(935, 2, 2, 38, 1, '2025-09-05 21:52:28', '2025-09-05 21:52:28'),
(936, 2, 1, 38, 3, '2025-09-05 21:52:28', '2025-09-05 21:52:28'),
(937, 1, 6, 32, 3, '2025-09-05 21:52:53', '2025-09-05 21:52:53'),
(938, 1, 5, 32, 4, '2025-09-05 21:52:53', '2025-09-05 21:52:53'),
(939, 1, 4, 32, 1, '2025-09-05 21:52:53', '2025-09-05 21:52:53'),
(940, 1, 3, 32, 7, '2025-09-05 21:52:53', '2025-09-05 21:52:53'),
(941, 1, 2, 32, 2, '2025-09-05 21:52:53', '2025-09-05 21:52:53'),
(942, 1, 1, 32, 2, '2025-09-05 21:52:53', '2025-09-05 21:52:53'),
(943, 1, 6, 33, 3, '2025-09-05 21:53:22', '2025-09-05 21:53:22'),
(944, 1, 5, 33, 4, '2025-09-05 21:53:22', '2025-09-05 21:53:22'),
(945, 1, 4, 33, 1, '2025-09-05 21:53:22', '2025-09-05 21:53:22'),
(946, 1, 3, 33, 7, '2025-09-05 21:53:22', '2025-09-05 21:53:22'),
(947, 1, 2, 33, 1, '2025-09-05 21:53:22', '2025-09-05 21:53:22'),
(948, 1, 1, 33, 2, '2025-09-05 21:53:22', '2025-09-05 21:53:22'),
(949, 2, 6, 39, 3, '2025-09-05 21:53:56', '2025-09-05 21:53:56'),
(950, 2, 5, 39, 4, '2025-09-05 21:53:56', '2025-09-05 21:53:56'),
(951, 2, 4, 39, 2, '2025-09-05 21:53:56', '2025-09-05 21:53:56'),
(952, 2, 3, 39, 6, '2025-09-05 21:53:56', '2025-09-05 21:53:56'),
(953, 2, 2, 39, 2, '2025-09-05 21:53:56', '2025-09-05 21:53:56'),
(954, 2, 1, 39, 2, '2025-09-05 21:53:56', '2025-09-05 21:53:56'),
(955, 2, 6, 40, 3, '2025-09-05 21:54:48', '2025-09-05 21:54:48'),
(956, 2, 5, 40, 4, '2025-09-05 21:54:48', '2025-09-05 21:54:48'),
(957, 2, 4, 40, 2, '2025-09-05 21:54:48', '2025-09-05 21:54:48'),
(958, 2, 3, 40, 6, '2025-09-05 21:54:48', '2025-09-05 21:54:48'),
(959, 2, 2, 40, 1, '2025-09-05 21:54:48', '2025-09-05 21:54:48'),
(960, 2, 1, 40, 2, '2025-09-05 21:54:48', '2025-09-05 21:54:48'),
(961, 1, 6, 34, 3, '2025-09-05 21:55:16', '2025-09-05 21:55:16'),
(962, 1, 5, 34, 4, '2025-09-05 21:55:16', '2025-09-05 21:55:16'),
(963, 1, 4, 34, 1, '2025-09-05 21:55:16', '2025-09-05 21:55:16'),
(964, 1, 3, 34, 6, '2025-09-05 21:55:16', '2025-09-05 21:55:16'),
(965, 1, 2, 34, 2, '2025-09-05 21:55:16', '2025-09-05 21:55:16'),
(966, 1, 1, 34, 2, '2025-09-05 21:55:16', '2025-09-05 21:55:16'),
(967, 1, 6, 35, 3, '2025-09-05 21:55:39', '2025-09-05 21:55:39'),
(968, 1, 5, 35, 4, '2025-09-05 21:55:39', '2025-09-05 21:55:39'),
(969, 1, 4, 35, 1, '2025-09-05 21:55:39', '2025-09-05 21:55:39'),
(970, 1, 3, 35, 6, '2025-09-05 21:55:39', '2025-09-05 21:55:39'),
(971, 1, 2, 35, 1, '2025-09-05 21:55:39', '2025-09-05 21:55:39'),
(972, 1, 1, 35, 2, '2025-09-05 21:55:39', '2025-09-05 21:55:39'),
(973, 2, 6, 41, 4, '2025-09-05 22:04:09', '2025-09-05 22:04:09'),
(974, 2, 5, 41, 2, '2025-09-05 22:04:09', '2025-09-05 22:04:09'),
(975, 2, 4, 41, 2, '2025-09-05 22:04:09', '2025-09-05 22:04:09'),
(976, 2, 3, 41, 7, '2025-09-05 22:04:09', '2025-09-05 22:04:09'),
(977, 2, 2, 41, 2, '2025-09-05 22:04:09', '2025-09-05 22:04:09'),
(978, 2, 1, 41, 2, '2025-09-05 22:04:09', '2025-09-05 22:04:09'),
(979, 2, 6, 42, 4, '2025-09-05 22:04:40', '2025-09-05 22:04:40'),
(980, 2, 5, 42, 2, '2025-09-05 22:04:40', '2025-09-05 22:04:40'),
(981, 2, 4, 42, 2, '2025-09-05 22:04:40', '2025-09-05 22:04:40'),
(982, 2, 3, 42, 7, '2025-09-05 22:04:40', '2025-09-05 22:04:40'),
(983, 2, 2, 42, 1, '2025-09-05 22:04:40', '2025-09-05 22:04:40'),
(984, 2, 1, 42, 2, '2025-09-05 22:04:40', '2025-09-05 22:04:40'),
(985, 2, 6, 43, 4, '2025-09-05 22:05:12', '2025-09-05 22:05:12'),
(986, 2, 5, 43, 2, '2025-09-05 22:05:12', '2025-09-05 22:05:12'),
(987, 2, 4, 43, 2, '2025-09-05 22:05:12', '2025-09-05 22:05:12'),
(988, 2, 3, 43, 5, '2025-09-05 22:05:12', '2025-09-05 22:05:12'),
(989, 2, 2, 43, 2, '2025-09-05 22:05:12', '2025-09-05 22:05:12'),
(990, 2, 1, 43, 2, '2025-09-05 22:05:12', '2025-09-05 22:05:12'),
(991, 2, 6, 44, 4, '2025-09-05 22:05:40', '2025-09-05 22:05:40'),
(992, 2, 5, 44, 2, '2025-09-05 22:05:40', '2025-09-05 22:05:40'),
(993, 2, 4, 44, 2, '2025-09-05 22:05:40', '2025-09-05 22:05:40'),
(994, 2, 3, 44, 5, '2025-09-05 22:05:40', '2025-09-05 22:05:40'),
(995, 2, 2, 44, 1, '2025-09-05 22:05:40', '2025-09-05 22:05:40'),
(996, 2, 1, 44, 1, '2025-09-05 22:05:40', '2025-09-05 22:05:40'),
(997, 2, 6, 45, 4, '2025-09-05 22:06:16', '2025-09-05 22:06:16'),
(998, 2, 5, 45, 2, '2025-09-05 22:06:16', '2025-09-05 22:06:16'),
(999, 2, 4, 45, 2, '2025-09-05 22:06:16', '2025-09-05 22:06:16'),
(1000, 2, 3, 45, 4, '2025-09-05 22:06:16', '2025-09-05 22:06:16'),
(1001, 2, 2, 45, 1, '2025-09-05 22:06:16', '2025-09-05 22:06:16'),
(1002, 2, 1, 45, 1, '2025-09-05 22:06:16', '2025-09-05 22:06:16'),
(1003, 2, 6, 46, 1, '2025-09-05 22:07:06', '2025-09-05 22:07:06'),
(1004, 2, 5, 46, 2, '2025-09-05 22:07:06', '2025-09-05 22:07:06'),
(1005, 2, 4, 46, 1, '2025-09-05 22:07:06', '2025-09-05 22:07:06'),
(1006, 2, 3, 46, 5, '2025-09-05 22:07:06', '2025-09-05 22:07:06'),
(1007, 2, 2, 46, 2, '2025-09-05 22:07:06', '2025-09-05 22:07:06'),
(1008, 2, 1, 46, 1, '2025-09-05 22:07:06', '2025-09-05 22:07:06'),
(1009, 2, 6, 47, 4, '2025-09-05 22:08:21', '2025-09-05 22:08:21'),
(1010, 2, 5, 47, 2, '2025-09-05 22:08:21', '2025-09-05 22:08:21'),
(1011, 2, 4, 47, 1, '2025-09-05 22:08:21', '2025-09-05 22:08:21'),
(1012, 2, 3, 47, 4, '2025-09-05 22:08:21', '2025-09-05 22:08:21'),
(1013, 2, 2, 47, 1, '2025-09-05 22:08:21', '2025-09-05 22:08:21'),
(1014, 2, 1, 47, 2, '2025-09-05 22:08:21', '2025-09-05 22:08:21'),
(1015, 2, 6, 48, 4, '2025-09-05 22:08:56', '2025-09-05 22:08:56'),
(1016, 2, 5, 48, 3, '2025-09-05 22:08:56', '2025-09-05 22:08:56'),
(1017, 2, 4, 48, 2, '2025-09-05 22:08:56', '2025-09-05 22:08:56'),
(1018, 2, 3, 48, 9, '2025-09-05 22:08:56', '2025-09-05 22:08:56'),
(1019, 2, 2, 48, 1, '2025-09-05 22:08:56', '2025-09-05 22:08:56'),
(1020, 2, 1, 48, 1, '2025-09-05 22:08:56', '2025-09-05 22:08:56'),
(1021, 3, 6, 7, 4, '2025-09-05 22:10:17', '2025-09-05 22:10:17'),
(1022, 3, 5, 7, 3, '2025-09-05 22:10:17', '2025-09-05 22:10:17'),
(1023, 3, 4, 7, 2, '2025-09-05 22:10:17', '2025-09-05 22:10:17'),
(1024, 3, 3, 7, 5, '2025-09-05 22:10:17', '2025-09-05 22:10:17'),
(1025, 3, 2, 7, 1, '2025-09-05 22:10:17', '2025-09-05 22:10:17'),
(1026, 3, 1, 7, 2, '2025-09-05 22:10:17', '2025-09-05 22:10:17'),
(1027, 3, 6, 8, 4, '2025-09-05 22:11:20', '2025-09-05 22:11:20'),
(1028, 3, 5, 8, 3, '2025-09-05 22:11:20', '2025-09-05 22:11:20'),
(1029, 3, 4, 8, 2, '2025-09-05 22:11:20', '2025-09-05 22:11:20'),
(1030, 3, 3, 8, 4, '2025-09-05 22:11:20', '2025-09-05 22:11:20'),
(1031, 3, 2, 8, 1, '2025-09-05 22:11:20', '2025-09-05 22:11:20'),
(1032, 3, 1, 8, 2, '2025-09-05 22:11:20', '2025-09-05 22:11:20'),
(1033, 2, 6, 49, 4, '2025-09-05 22:11:48', '2025-09-05 22:11:48'),
(1034, 2, 5, 49, 3, '2025-09-05 22:11:48', '2025-09-05 22:11:48'),
(1035, 2, 4, 49, 1, '2025-09-05 22:11:48', '2025-09-05 22:11:48'),
(1036, 2, 3, 49, 9, '2025-09-05 22:11:48', '2025-09-05 22:11:48'),
(1037, 2, 2, 49, 2, '2025-09-05 22:11:48', '2025-09-05 22:11:48'),
(1038, 2, 1, 49, 1, '2025-09-05 22:11:48', '2025-09-05 22:11:48'),
(1039, 2, 6, 50, 4, '2025-09-05 22:12:12', '2025-09-05 22:12:12'),
(1040, 2, 5, 50, 3, '2025-09-05 22:12:12', '2025-09-05 22:12:12'),
(1041, 2, 4, 50, 2, '2025-09-05 22:12:12', '2025-09-05 22:12:12'),
(1042, 2, 3, 50, 9, '2025-09-05 22:12:12', '2025-09-05 22:12:12'),
(1043, 2, 2, 50, 1, '2025-09-05 22:12:12', '2025-09-05 22:12:12'),
(1044, 2, 1, 50, 1, '2025-09-05 22:12:12', '2025-09-05 22:12:12'),
(1045, 1, 6, 36, 4, '2025-09-05 22:12:54', '2025-09-05 22:12:54'),
(1046, 1, 5, 36, 3, '2025-09-05 22:12:54', '2025-09-05 22:12:54'),
(1047, 1, 4, 36, 1, '2025-09-05 22:12:54', '2025-09-05 22:12:54'),
(1048, 1, 3, 36, 8, '2025-09-05 22:12:54', '2025-09-05 22:12:54'),
(1049, 1, 2, 36, 2, '2025-09-05 22:12:54', '2025-09-05 22:12:54'),
(1050, 1, 1, 36, 2, '2025-09-05 22:12:54', '2025-09-05 22:12:54'),
(1051, 1, 6, 37, 4, '2025-09-05 22:13:16', '2025-09-05 22:13:16'),
(1052, 1, 5, 37, 3, '2025-09-05 22:13:16', '2025-09-05 22:13:16'),
(1053, 1, 4, 37, 1, '2025-09-05 22:13:16', '2025-09-05 22:13:16'),
(1054, 1, 3, 37, 8, '2025-09-05 22:13:16', '2025-09-05 22:13:16'),
(1055, 1, 2, 37, 1, '2025-09-05 22:13:16', '2025-09-05 22:13:16'),
(1056, 1, 1, 37, 2, '2025-09-05 22:13:16', '2025-09-05 22:13:16'),
(1057, 2, 6, 51, 4, '2025-09-05 22:13:48', '2025-09-05 22:13:48'),
(1058, 2, 5, 51, 3, '2025-09-05 22:13:48', '2025-09-05 22:13:48'),
(1059, 2, 4, 51, 1, '2025-09-05 22:13:48', '2025-09-05 22:13:48'),
(1060, 2, 3, 51, 5, '2025-09-05 22:13:48', '2025-09-05 22:13:48'),
(1061, 2, 2, 51, 2, '2025-09-05 22:13:48', '2025-09-05 22:13:48'),
(1062, 2, 1, 51, 2, '2025-09-05 22:13:48', '2025-09-05 22:13:48'),
(1063, 2, 6, 52, 4, '2025-09-05 22:14:13', '2025-09-05 22:14:13'),
(1064, 2, 5, 52, 3, '2025-09-05 22:14:13', '2025-09-05 22:14:13'),
(1065, 2, 4, 52, 1, '2025-09-05 22:14:13', '2025-09-05 22:14:13'),
(1066, 2, 3, 52, 5, '2025-09-05 22:14:13', '2025-09-05 22:14:13'),
(1067, 2, 2, 52, 1, '2025-09-05 22:14:13', '2025-09-05 22:14:13'),
(1068, 2, 1, 52, 2, '2025-09-05 22:14:13', '2025-09-05 22:14:13'),
(1069, 2, 6, 53, 4, '2025-09-05 22:14:36', '2025-09-05 22:14:36'),
(1070, 2, 5, 53, 3, '2025-09-05 22:14:36', '2025-09-05 22:14:36'),
(1071, 2, 4, 53, 1, '2025-09-05 22:14:36', '2025-09-05 22:14:36'),
(1072, 2, 3, 53, 4, '2025-09-05 22:14:36', '2025-09-05 22:14:36'),
(1073, 2, 2, 53, 1, '2025-09-05 22:14:36', '2025-09-05 22:14:36'),
(1074, 2, 1, 53, 2, '2025-09-05 22:14:36', '2025-09-05 22:14:36'),
(1075, 3, 6, 9, 4, '2025-09-05 22:15:16', '2025-09-05 22:15:16'),
(1076, 3, 5, 9, 4, '2025-09-05 22:15:16', '2025-09-05 22:15:16'),
(1077, 3, 4, 9, 2, '2025-09-05 22:15:16', '2025-09-05 22:15:16'),
(1078, 3, 3, 9, 9, '2025-09-05 22:15:16', '2025-09-05 22:15:16'),
(1079, 3, 2, 9, 2, '2025-09-05 22:15:16', '2025-09-05 22:15:16'),
(1080, 3, 1, 9, 1, '2025-09-05 22:15:16', '2025-09-05 22:15:16'),
(1081, 3, 6, 10, 4, '2025-09-05 22:15:39', '2025-09-05 22:15:39'),
(1082, 3, 5, 10, 4, '2025-09-05 22:15:39', '2025-09-05 22:15:39'),
(1083, 3, 4, 10, 2, '2025-09-05 22:15:39', '2025-09-05 22:15:39'),
(1084, 3, 3, 10, 9, '2025-09-05 22:15:39', '2025-09-05 22:15:39'),
(1085, 3, 2, 10, 1, '2025-09-05 22:15:39', '2025-09-05 22:15:39'),
(1086, 3, 1, 10, 2, '2025-09-05 22:15:39', '2025-09-05 22:15:39'),
(1087, 2, 6, 54, 4, '2025-09-05 22:16:10', '2025-09-05 22:16:10'),
(1088, 2, 5, 54, 4, '2025-09-05 22:16:10', '2025-09-05 22:16:10'),
(1089, 2, 4, 54, 2, '2025-09-05 22:16:10', '2025-09-05 22:16:10'),
(1090, 2, 3, 54, 8, '2025-09-05 22:16:10', '2025-09-05 22:16:10'),
(1091, 2, 2, 54, 1, '2025-09-05 22:16:10', '2025-09-05 22:16:10'),
(1092, 2, 1, 54, 1, '2025-09-05 22:16:10', '2025-09-05 22:16:10'),
(1093, 3, 6, 11, 4, '2025-09-05 22:16:39', '2025-09-05 22:16:39'),
(1094, 3, 5, 11, 4, '2025-09-05 22:16:39', '2025-09-05 22:16:39'),
(1095, 3, 4, 11, 2, '2025-09-05 22:16:39', '2025-09-05 22:16:39'),
(1096, 3, 3, 11, 4, '2025-09-05 22:16:39', '2025-09-05 22:16:39'),
(1097, 3, 2, 11, 1, '2025-09-05 22:16:39', '2025-09-05 22:16:39'),
(1098, 3, 1, 11, 2, '2025-09-05 22:16:39', '2025-09-05 22:16:39'),
(1099, 2, 6, 55, 4, '2025-09-05 22:17:13', '2025-09-05 22:17:13'),
(1100, 2, 5, 55, 4, '2025-09-05 22:17:13', '2025-09-05 22:17:13'),
(1101, 2, 4, 55, 1, '2025-09-05 22:17:13', '2025-09-05 22:17:13'),
(1102, 2, 3, 55, 9, '2025-09-05 22:17:13', '2025-09-05 22:17:13'),
(1103, 2, 2, 55, 2, '2025-09-05 22:17:13', '2025-09-05 22:17:13'),
(1104, 2, 1, 55, 1, '2025-09-05 22:17:13', '2025-09-05 22:17:13'),
(1105, 2, 6, 56, 4, '2025-09-05 22:17:37', '2025-09-05 22:17:37'),
(1106, 2, 5, 56, 4, '2025-09-05 22:17:37', '2025-09-05 22:17:37'),
(1107, 2, 4, 56, 1, '2025-09-05 22:17:37', '2025-09-05 22:17:37'),
(1108, 2, 3, 56, 9, '2025-09-05 22:17:37', '2025-09-05 22:17:37'),
(1109, 2, 2, 56, 1, '2025-09-05 22:17:37', '2025-09-05 22:17:37'),
(1110, 2, 1, 56, 1, '2025-09-05 22:17:37', '2025-09-05 22:17:37'),
(1111, 2, 6, 57, 4, '2025-09-05 22:18:10', '2025-09-05 22:18:10'),
(1112, 2, 5, 57, 4, '2025-09-05 22:18:10', '2025-09-05 22:18:10'),
(1113, 2, 4, 57, 1, '2025-09-05 22:18:10', '2025-09-05 22:18:10'),
(1114, 2, 3, 57, 4, '2025-09-05 22:18:10', '2025-09-05 22:18:10'),
(1115, 2, 2, 57, 1, '2025-09-05 22:18:10', '2025-09-05 22:18:10'),
(1116, 2, 1, 57, 1, '2025-09-05 22:18:10', '2025-09-05 22:18:10'),
(1117, 1, 6, 38, 4, '2025-09-11 01:10:48', '2025-09-11 01:10:48'),
(1118, 1, 5, 38, 2, '2025-09-11 01:10:48', '2025-09-11 01:10:48'),
(1119, 1, 4, 38, 1, '2025-09-11 01:10:48', '2025-09-11 01:10:48'),
(1120, 1, 3, 38, 8, '2025-09-11 01:10:48', '2025-09-11 01:10:48'),
(1121, 1, 2, 38, 2, '2025-09-11 01:10:48', '2025-09-11 01:10:48'),
(1122, 1, 1, 38, 1, '2025-09-11 01:10:48', '2025-09-11 01:10:48'),
(1123, 2, 6, 58, 4, '2025-09-11 01:14:27', '2025-09-11 01:14:27'),
(1124, 2, 5, 58, 3, '2025-09-11 01:14:28', '2025-09-11 01:14:28'),
(1125, 2, 4, 58, 1, '2025-09-11 01:14:28', '2025-09-11 01:14:28'),
(1126, 2, 3, 58, 8, '2025-09-11 01:14:28', '2025-09-11 01:14:28'),
(1127, 2, 2, 58, 2, '2025-09-11 01:14:28', '2025-09-11 01:14:28'),
(1128, 2, 1, 58, 1, '2025-09-11 01:14:28', '2025-09-11 01:14:28');

-- --------------------------------------------------------

--
-- Table structure for table `tb_users`
--

CREATE TABLE `tb_users` (
  `id` int(11) NOT NULL,
  `id_users` int(11) NOT NULL,
  `nama` varchar(50) DEFAULT NULL,
  `email` varchar(50) DEFAULT NULL,
  `foto` varchar(50) DEFAULT NULL,
  `username` varchar(50) NOT NULL,
  `password` varchar(100) NOT NULL,
  `roles` enum('admin','users') NOT NULL,
  `ins` timestamp NULL DEFAULT current_timestamp(),
  `upd` timestamp NULL DEFAULT current_timestamp() ON UPDATE current_timestamp()
) ENGINE=InnoDB DEFAULT CHARSET=utf8mb4 COLLATE=utf8mb4_unicode_ci;

--
-- Dumping data for table `tb_users`
--

INSERT INTO `tb_users` (`id`, `id_users`, `nama`, `email`, `foto`, `username`, `password`, `roles`, `ins`, `upd`) VALUES
(1, 1, 'Admin', 'alanlengkoan@gmail.com', '965e91b3c486a7042629e2726916e911.jpg', 'admin', '$2y$10$UrvEbnhpVkCREvEz1WjUAu5EUEdbeTjFtQE0faPjufKxl68AtJmsi', 'admin', '2021-07-22 01:56:34', '2025-09-06 03:46:42'),
(5, 42075639, 'SYAMHARIRA NURAMALIA', 'syamhariranuramalia@gmail.com', '9d0ff6af5fc1d166ed10751e149e63a2.jpeg', 'symharira_', '$2y$10$QPtl2Rke3u1mLk537giGxOupfX2uHIluUZNtFoLd685poxJCyeEhe', 'users', '2025-08-07 14:09:25', '2025-09-20 17:05:28'),
(6, 59075213, 'naruto', 'naruto@example.com', NULL, 'naruto', '$2y$10$y1J6qgDPfYDhrkhqu/OOBu/H39dOdesFtiXvJop9yIEyXgmxqx7CK', 'users', '2025-08-09 14:52:00', '2025-08-09 14:52:00'),
(7, 13694872, 'Arni', 'nuarnisyam04@gmail.com', NULL, 'arni', '$2y$10$hi5IhPgJXqsyOj3bycR8yen8riwZ.Hc0VdVGU4zaXuRgpYxoOjwme', 'users', '2025-09-06 05:25:17', '2025-09-06 05:25:17'),
(8, 87816432, 'Syamharira', 'muslimahsafitri25@gmail.com', NULL, 'ira', '$2y$10$K9hcmVyivJEKaco/q2kG1uCU.ZxhbuRIhNKLUGPJdbJEibbq8bgum', 'users', '2025-09-11 06:59:34', '2025-09-11 06:59:34'),
(9, 91204873, 'Syamharira', 'nuramaliasyamharira@gmail.com', NULL, 'Syamharira', '$2y$10$8K1XkeyYxa8NEA5MupM9zOLssws0uCeANxuRplvPb/UtWbp.ojaru', 'users', '2025-09-22 17:25:19', '2025-09-22 17:25:19'),
(10, 89804153, 'Absri', 'absri@gmail.com', NULL, 'absri', '$2y$10$h7.nGF/QMibP.4QvEq3p3OY.Om47YPPQc9JDwe0n91q8fbiaIyeNG', 'users', '2025-09-23 05:32:15', '2025-09-23 05:32:15');

--
-- Indexes for dumped tables
--

--
-- Indexes for table `tb_classification`
--
ALTER TABLE `tb_classification`
  ADD PRIMARY KEY (`id_classification`);

--
-- Indexes for table `tb_classification_food`
--
ALTER TABLE `tb_classification_food`
  ADD PRIMARY KEY (`id_classification_food`),
  ADD KEY `id_classification` (`id_classification`);

--
-- Indexes for table `tb_consultation`
--
ALTER TABLE `tb_consultation`
  ADD PRIMARY KEY (`id_consultation`),
  ADD KEY `consultation_to_users` (`id_users`);

--
-- Indexes for table `tb_criteria`
--
ALTER TABLE `tb_criteria`
  ADD PRIMARY KEY (`id_criteria`);

--
-- Indexes for table `tb_criteria_sub`
--
ALTER TABLE `tb_criteria_sub`
  ADD PRIMARY KEY (`id_criteria_sub`),
  ADD KEY `id_criteria` (`id_criteria`);

--
-- Indexes for table `tb_datatraining`
--
ALTER TABLE `tb_datatraining`
  ADD PRIMARY KEY (`id_datatraining`);

--
-- Indexes for table `tb_users`
--
ALTER TABLE `tb_users`
  ADD PRIMARY KEY (`id`),
  ADD UNIQUE KEY `UNIQ_8D93D649FA06E4D9` (`id_users`),
  ADD UNIQUE KEY `UNIQ_8D93D649F85E0677` (`username`);

--
-- AUTO_INCREMENT for dumped tables
--

--
-- AUTO_INCREMENT for table `tb_classification`
--
ALTER TABLE `tb_classification`
  MODIFY `id_classification` int(11) NOT NULL AUTO_INCREMENT, AUTO_INCREMENT=7;

--
-- AUTO_INCREMENT for table `tb_classification_food`
--
ALTER TABLE `tb_classification_food`
  MODIFY `id_classification_food` int(11) NOT NULL AUTO_INCREMENT, AUTO_INCREMENT=63;

--
-- AUTO_INCREMENT for table `tb_consultation`
--
ALTER TABLE `tb_consultation`
  MODIFY `id_consultation` int(11) NOT NULL AUTO_INCREMENT, AUTO_INCREMENT=407;

--
-- AUTO_INCREMENT for table `tb_criteria`
--
ALTER TABLE `tb_criteria`
  MODIFY `id_criteria` int(11) NOT NULL AUTO_INCREMENT, AUTO_INCREMENT=8;

--
-- AUTO_INCREMENT for table `tb_criteria_sub`
--
ALTER TABLE `tb_criteria_sub`
  MODIFY `id_criteria_sub` int(11) NOT NULL AUTO_INCREMENT, AUTO_INCREMENT=26;

--
-- AUTO_INCREMENT for table `tb_datatraining`
--
ALTER TABLE `tb_datatraining`
  MODIFY `id_datatraining` int(11) NOT NULL AUTO_INCREMENT, AUTO_INCREMENT=1129;

--
-- AUTO_INCREMENT for table `tb_users`
--
ALTER TABLE `tb_users`
  MODIFY `id` int(11) NOT NULL AUTO_INCREMENT, AUTO_INCREMENT=15;

--
-- Constraints for dumped tables
--

--
-- Constraints for table `tb_classification_food`
--
ALTER TABLE `tb_classification_food`
  ADD CONSTRAINT `classification_to_classification_food` FOREIGN KEY (`id_classification`) REFERENCES `tb_classification` (`id_classification`);

--
-- Constraints for table `tb_consultation`
--
ALTER TABLE `tb_consultation`
  ADD CONSTRAINT `consultation_to_users` FOREIGN KEY (`id_users`) REFERENCES `tb_users` (`id_users`);
COMMIT;

/*!40101 SET CHARACTER_SET_CLIENT=@OLD_CHARACTER_SET_CLIENT */;
/*!40101 SET CHARACTER_SET_RESULTS=@OLD_CHARACTER_SET_RESULTS */;
/*!40101 SET COLLATION_CONNECTION=@OLD_COLLATION_CONNECTION */;
